우선순위,구_y,단속장소,예측단속건수,최대예측단속건수,위험점수,위험등급,위험시간,추천대응
1,의창구,힐스테이트아티움시티 10,8.1,18.9,100.0,높음,13시,고위험 시간대 집중 순찰 + 사전 주정차 안내
2,의창구,팔용동탑마트주변,6.9,18.2,84.2,높음,9시,고위험 시간대 집중 순찰 + 사전 주정차 안내
3,의창구,용동창원중앙역승강장,5.9,13.8,71.9,높음,11시,위험 시간대 사전 안내 + 순찰 강화
4,의창구,창원터미널,5.7,16.4,70.0,보통,18시,위험 시간대 사전 안내 + 순찰 강화
5,의창구,용동한마음병원주변,4.7,18.3,57.2,보통,13시,일반 모니터링 및 계도
6,의창구,팔용동공영주차빌딩,4.3,11.4,52.3,보통,13시,일반 모니터링 및 계도
7,의창구,지귀상가맞은편,3.3,18.9,40.6,보통,14시,일반 모니터링 및 계도
8,의창구,북면덕산아내2차주변,3.0,6.7,37.1,낮음,20시,일반 모니터링 및 계도
9,의창구,용동현대썬앤빌주변2,2.7,8.8,32.8,낮음,13시,일반 모니터링 및 계도
10,의창구,명곡동사거리부근,2.4,9.9,30.0,낮음,9시,일반 모니터링 및 계도
11,의창구,서상동 평산로219번길,2.4,6.0,30.0,낮음,10시,일반 모니터링 및 계도
12,의창구,팔용동아티움시티103동앞,2.3,4.2,27.8,낮음,17시,일반 모니터링 및 계도
13,의창구,용동창원중앙역회전차로,2.1,4.3,25.4,낮음,15시,일반 모니터링 및 계도
14,의창구,팔용동 파티마빌딩 사거,2.1,5.3,25.2,낮음,14시,일반 모니터링 및 계도
15,의창구,유니시티2단지203동앞,1.9,3.0,23.2,낮음,14시,일반 모니터링 및 계도
16,의창구,팔용동 벽산아파트 주변,1.9,5.5,22.9,낮음,20시,일반 모니터링 및 계도
17,의창구,봉곡동봉곡삼거리,1.7,5.3,20.7,낮음,10시,일반 모니터링 및 계도
18,의창구,북면 힐프라자 주변,1.5,2.5,18.0,낮음,9시,일반 모니터링 및 계도
19,의창구,팔용동아티움시티101동앞,1.4,4.8,17.5,낮음,13시,일반 모니터링 및 계도
20,의창구,도계동 원이대로56번길,1.4,7.1,17.1,낮음,19시,일반 모니터링 및 계도
21,의창구,중동 의창대로266번길,1.4,3.3,17.0,낮음,9시,일반 모니터링 및 계도
22,의창구,중동어반브릭스앞,1.3,2.2,16.2,낮음,18시,일반 모니터링 및 계도
23,의창구,팔용동 사화로18번길,1.3,4.0,15.5,낮음,10시,일반 모니터링 및 계도
24,의창구,봉림동 태복산로,1.2,15.3,14.9,낮음,14시,일반 모니터링 및 계도
25,의창구,무동 상신빌딩 앞,1.2,3.2,14.5,낮음,9시,일반 모니터링 및 계도
26,의창구,팔용동 반계로,1.2,7.1,14.1,낮음,7시,일반 모니터링 및 계도
27,의창구,소답동 의안민원센타,1.1,2.1,13.3,낮음,16시,일반 모니터링 및 계도
28,의창구,팔용동 팔용로,1.0,2.1,12.8,낮음,7시,일반 모니터링 및 계도
29,의창구,중동의창초등학교주변,1.0,2.2,12.8,낮음,9시,일반 모니터링 및 계도
30,의창구,봉림동 대봉로26번길,1.0,3.0,12.7,낮음,14시,일반 모니터링 및 계도
31,의창구,사림동 사림로,1.0,10.4,12.7,낮음,18시,일반 모니터링 및 계도
32,의창구,무동휴먼빌3단지앞주변,1.0,2.8,12.5,낮음,20시,일반 모니터링 및 계도
33,의창구,용동창원중앙역앞도로,1.0,2.9,12.0,낮음,13시,일반 모니터링 및 계도
34,의창구,경남창원과학기술진흥원,1.0,2.2,11.9,낮음,9시,일반 모니터링 및 계도
35,의창구,팔용동 창원대로18번길,0.9,3.0,11.5,낮음,10시,일반 모니터링 및 계도
36,의창구,도계동도계초등학교,0.9,2.5,11.0,낮음,20시,일반 모니터링 및 계도
37,의창구,사림동 용동로84번길,0.9,12.0,10.9,낮음,13시,일반 모니터링 및 계도
38,의창구,봉림동 소봉로,0.9,2.2,10.6,낮음,13시,일반 모니터링 및 계도
39,의창구,용동미래드림 주변,0.8,2.8,10.4,낮음,13시,일반 모니터링 및 계도
40,의창구,팔용동행정복지센터주변,0.8,2.2,9.8,낮음,18시,일반 모니터링 및 계도
41,의창구,봉곡동 원이대로,0.8,2.2,9.8,낮음,14시,일반 모니터링 및 계도
42,의창구,봉곡동 512,0.8,3.8,9.7,낮음,20시,일반 모니터링 및 계도
43,의창구,용동미래리움 주변,0.7,2.0,9.2,낮음,9시,일반 모니터링 및 계도
44,의창구,팔용동 테크노벨리,0.7,1.7,9.1,낮음,9시,일반 모니터링 및 계도
45,의창구,팔용동 514-7,0.7,2.4,8.9,낮음,20시,일반 모니터링 및 계도
46,의창구,명서동 서곡길,0.7,2.3,8.7,낮음,10시,일반 모니터링 및 계도
47,의창구,봉곡동 502-41,0.7,1.7,8.6,낮음,21시,일반 모니터링 및 계도
48,의창구,소답동 읍성로,0.7,3.2,8.0,낮음,10시,일반 모니터링 및 계도
49,의창구,팔룡벽산블루밍B 108동앞,0.6,1.9,7.9,낮음,20시,일반 모니터링 및 계도
50,의창구,도계동 도계두리길,0.6,2.4,7.7,낮음,9시,일반 모니터링 및 계도
51,의창구,사림동 퇴촌로,0.6,3.4,7.7,낮음,14시,일반 모니터링 및 계도
52,의창구,팔용동 사화로1번길,0.6,2.7,7.4,낮음,10시,일반 모니터링 및 계도
53,의창구,북면북면초등학교,0.6,2.2,7.4,낮음,13시,일반 모니터링 및 계도
54,의창구,봉곡동 지귀로,0.6,6.7,7.3,낮음,20시,일반 모니터링 및 계도
55,의창구,팔용동 남산로,0.6,1.9,7.2,낮음,7시,일반 모니터링 및 계도
56,의창구,팔용동 창원대로363번길,0.6,4.4,7.1,낮음,10시,일반 모니터링 및 계도
57,의창구,용동 상남로,0.6,1.9,7.1,낮음,14시,일반 모니터링 및 계도
58,의창구,봉곡동 원이대로285번길,0.6,1.9,6.8,낮음,14시,일반 모니터링 및 계도
59,의창구,소답동 165,0.6,1.5,6.8,낮음,23시,일반 모니터링 및 계도
60,의창구,서상동 평산로211번길,0.5,3.3,6.6,낮음,9시,일반 모니터링 및 계도
61,의창구,북면 무동리 255,0.5,3.0,6.5,낮음,16시,일반 모니터링 및 계도
62,의창구,도계동 450,0.5,1.5,6.4,낮음,20시,일반 모니터링 및 계도
63,의창구,명곡동 도계두리길,0.5,3.7,6.2,낮음,16시,일반 모니터링 및 계도
64,의창구,팔용동아티움시티102동앞,0.5,2.6,6.0,낮음,15시,일반 모니터링 및 계도
65,의창구,팔용동 513,0.5,3.1,5.9,낮음,9시,일반 모니터링 및 계도
66,의창구,중동SJ빌딩,0.5,2.5,5.8,낮음,14시,일반 모니터링 및 계도
67,의창구,소답동 162,0.5,1.7,5.8,낮음,19시,일반 모니터링 및 계도
68,의창구,소답동 173,0.5,1.4,5.6,낮음,0시,일반 모니터링 및 계도
69,의창구,창원시 육아종합지원센터,0.5,1.5,5.6,낮음,9시,일반 모니터링 및 계도
70,의창구,봉곡동 502-40,0.4,1.9,5.5,낮음,21시,일반 모니터링 및 계도
71,의창구,서상동 현대약국,0.4,1.3,5.4,낮음,14시,일반 모니터링 및 계도
72,의창구,봉림동 대봉로,0.4,1.4,5.2,낮음,14시,일반 모니터링 및 계도
73,의창구,서상동 428,0.4,1.3,5.1,낮음,5시,일반 모니터링 및 계도
74,의창구,동읍 용잠로35번길,0.4,1.2,5.0,낮음,9시,일반 모니터링 및 계도
75,의창구,도계동 451,0.4,1.8,5.0,낮음,11시,일반 모니터링 및 계도
76,의창구,동전산단한국화낙,0.4,2.6,4.8,낮음,10시,일반 모니터링 및 계도
77,의창구,팔용동 41-22,0.4,2.3,4.8,낮음,12시,일반 모니터링 및 계도
78,의창구,중동 의창대로272번길,0.4,2.0,4.8,낮음,9시,일반 모니터링 및 계도
79,의창구,중동 405-3,0.4,1.5,4.6,낮음,23시,일반 모니터링 및 계도
80,의창구,용동 중앙역 주변,0.4,1.4,4.6,낮음,14시,일반 모니터링 및 계도
81,의창구,명서동 500-8,0.4,1.3,4.3,낮음,21시,일반 모니터링 및 계도
82,의창구,팔용동 505,0.3,2.3,4.3,낮음,20시,일반 모니터링 및 계도
83,의창구,용동현대썬앤빌주변,0.3,1.1,4.3,낮음,15시,일반 모니터링 및 계도
84,의창구,서상동 717,0.3,2.8,4.2,낮음,6시,일반 모니터링 및 계도
85,의창구,팔용동 124-2,0.3,1.4,4.1,낮음,20시,일반 모니터링 및 계도
86,의창구,팔용동 차룡로48번길,0.3,1.8,4.0,낮음,10시,일반 모니터링 및 계도
87,의창구,서상동 평산로159번길,0.3,1.1,4.0,낮음,9시,일반 모니터링 및 계도
88,의창구,봉곡동 원이대로279번길,0.3,1.9,3.9,낮음,14시,일반 모니터링 및 계도
89,의창구,도계동 도계로,0.3,2.4,3.9,낮음,20시,일반 모니터링 및 계도
90,의창구,명서동 도계로,0.3,1.4,3.9,낮음,13시,일반 모니터링 및 계도
91,의창구,H202주차장,0.3,1.8,3.9,낮음,14시,일반 모니터링 및 계도
92,의창구,중동 디세븐파크 주변,0.3,1.8,3.8,낮음,10시,일반 모니터링 및 계도
93,의창구,도계동 도계로60번길,0.3,1.7,3.7,낮음,14시,일반 모니터링 및 계도
94,의창구,서상동 의창대로254번길,0.3,1.6,3.7,낮음,9시,일반 모니터링 및 계도
95,의창구,사림동 506,0.3,1.5,3.6,낮음,16시,일반 모니터링 및 계도
96,의창구,도계동 441,0.3,1.2,3.6,낮음,20시,일반 모니터링 및 계도
97,의창구,명곡동 명곡지구로,0.3,1.9,3.5,낮음,15시,일반 모니터링 및 계도
98,의창구,동정동 319,0.3,0.4,3.5,낮음,19시,일반 모니터링 및 계도
99,의창구,소답동 SK세강주유소,0.3,1.8,3.5,낮음,19시,일반 모니터링 및 계도
100,의창구,서상동 평산로185번길,0.3,1.7,3.4,낮음,18시,일반 모니터링 및 계도
101,의창구,도계동 449,0.3,1.8,3.4,낮음,19시,일반 모니터링 및 계도
102,의창구,봉림동 791-42,0.3,1.0,3.4,낮음,12시,일반 모니터링 및 계도
103,의창구,봉림동 소봉로7번길,0.3,1.0,3.3,낮음,13시,일반 모니터링 및 계도
104,의창구,명서동 명지로,0.3,1.5,3.3,낮음,10시,일반 모니터링 및 계도
105,의창구,봉곡동 502-43,0.3,1.1,3.3,낮음,20시,일반 모니터링 및 계도
106,의창구,중동 447-6,0.3,0.6,3.3,낮음,13시,일반 모니터링 및 계도
107,의창구,팔용동 503-4,0.3,2.9,3.3,낮음,9시,일반 모니터링 및 계도
108,의창구,명서동 명서로,0.3,1.2,3.2,낮음,10시,일반 모니터링 및 계도
109,의창구,무동동원로얄듀크,0.3,1.3,3.2,낮음,9시,일반 모니터링 및 계도
110,의창구,봉곡동상북초등학교,0.3,1.9,3.2,낮음,8시,일반 모니터링 및 계도
111,의창구,팔용동 512,0.3,1.5,3.2,낮음,19시,일반 모니터링 및 계도
112,의창구,사림동 501-6,0.3,4.9,3.1,낮음,18시,일반 모니터링 및 계도
113,의창구,중동 메트로병원 주변,0.3,1.3,3.1,낮음,10시,일반 모니터링 및 계도
114,의창구,북면 감계리 723-2,0.2,1.6,3.1,낮음,18시,일반 모니터링 및 계도
115,의창구,도계동 452,0.2,3.6,3.0,낮음,20시,일반 모니터링 및 계도
116,의창구,중동 의창대로264번길,0.2,1.0,3.0,낮음,9시,일반 모니터링 및 계도
117,의창구,소답동 171,0.2,1.7,3.0,낮음,8시,일반 모니터링 및 계도
118,의창구,팔용동 의창대로54번길,0.2,2.5,2.9,낮음,10시,일반 모니터링 및 계도
119,의창구,사림동 507,0.2,1.0,2.9,낮음,19시,일반 모니터링 및 계도
120,의창구,동전산단북면파출소,0.2,1.0,2.9,낮음,13시,일반 모니터링 및 계도
121,의창구,팔용동 나들가게 주변,0.2,0.5,2.8,낮음,8시,일반 모니터링 및 계도
122,의창구,북면근린공원앞주변,0.2,2.8,2.8,낮음,18시,일반 모니터링 및 계도
123,의창구,봉곡동 502-38,0.2,1.3,2.8,낮음,21시,일반 모니터링 및 계도
124,의창구,서상동 714,0.2,1.1,2.8,낮음,20시,일반 모니터링 및 계도
125,의창구,유니시티1단지 상가,0.2,0.8,2.7,낮음,15시,일반 모니터링 및 계도
126,의창구,봉곡동 봉곡로,0.2,1.3,2.7,낮음,9시,일반 모니터링 및 계도
127,의창구,팔용동 나들가게주변,0.2,0.8,2.6,낮음,8시,일반 모니터링 및 계도
128,의창구,봉림동 791-32,0.2,1.2,2.5,낮음,18시,일반 모니터링 및 계도
129,의창구,중동 739-26,0.2,0.7,2.4,낮음,12시,일반 모니터링 및 계도
130,의창구,팔용동 701-1,0.2,1.4,2.4,낮음,8시,일반 모니터링 및 계도
131,의창구,봉곡동 36-7,0.2,1.2,2.3,낮음,19시,일반 모니터링 및 계도
132,의창구,사림동 용동로83번안길,0.2,1.2,2.2,낮음,14시,일반 모니터링 및 계도
133,의창구,사림동 퇴촌로45번길,0.2,0.9,2.2,낮음,13시,일반 모니터링 및 계도
134,의창구,팔용동 하늘공원 주변,0.2,1.1,2.2,낮음,16시,일반 모니터링 및 계도
135,의창구,감계 데시앙102동앞,0.2,0.6,2.1,낮음,9시,일반 모니터링 및 계도
136,의창구,팔용동 나들가게,0.2,0.9,2.1,낮음,8시,일반 모니터링 및 계도
137,의창구,도계동 434,0.2,1.0,2.1,낮음,4시,일반 모니터링 및 계도
138,의창구,중동 미디어센터 주변,0.2,0.9,2.1,낮음,10시,일반 모니터링 및 계도
139,의창구,소답동 172,0.2,0.9,2.1,낮음,22시,일반 모니터링 및 계도
140,의창구,도계동 원이대로69번길,0.2,1.1,2.1,낮음,14시,일반 모니터링 및 계도
141,의창구,팔용동 514-2,0.2,1.1,2.0,낮음,19시,일반 모니터링 및 계도
142,의창구,명서동 502-1,0.2,0.9,2.0,낮음,17시,일반 모니터링 및 계도
143,의창구,서상동 428-1,0.2,0.9,2.0,낮음,6시,일반 모니터링 및 계도
144,의창구,중동 480-22,0.2,1.3,2.0,낮음,13시,일반 모니터링 및 계도
145,의창구,북면 화천리 917-15,0.2,0.7,2.0,낮음,9시,일반 모니터링 및 계도
146,의창구,중동 510-1,0.2,0.6,2.0,낮음,13시,일반 모니터링 및 계도
147,의창구,중동 디세븐파크  주변,0.2,1.8,1.9,낮음,10시,일반 모니터링 및 계도
148,의창구,북면 감계리 723-1,0.2,1.0,1.9,낮음,18시,일반 모니터링 및 계도
149,의창구,명서동 500-2,0.2,1.8,1.9,낮음,13시,일반 모니터링 및 계도
150,의창구,중동 406-4,0.2,0.7,1.9,낮음,0시,일반 모니터링 및 계도
151,의창구,명서동 501,0.2,1.1,1.9,낮음,22시,일반 모니터링 및 계도
152,의창구,도계동 455,0.2,1.2,1.9,낮음,20시,일반 모니터링 및 계도
153,의창구,봉곡동 502-44,0.1,1.1,1.8,낮음,21시,일반 모니터링 및 계도
154,의창구,명서동 지귀로,0.1,0.8,1.8,낮음,20시,일반 모니터링 및 계도
155,의창구,사림동 518-11,0.1,0.8,1.7,낮음,12시,일반 모니터링 및 계도
156,의창구,봉림동 791-39,0.1,0.6,1.7,낮음,12시,일반 모니터링 및 계도
157,의창구,봉곡동 502-42,0.1,0.9,1.7,낮음,21시,일반 모니터링 및 계도
158,의창구,서상동 401,0.1,0.9,1.7,낮음,5시,일반 모니터링 및 계도
159,의창구,도계동 원이대로55번길,0.1,0.7,1.6,낮음,14시,일반 모니터링 및 계도
160,의창구,사림동 501-28,0.1,1.3,1.6,낮음,14시,일반 모니터링 및 계도
161,의창구,서상동 659-6,0.1,0.2,1.6,낮음,19시,일반 모니터링 및 계도
162,의창구,팔용동 501-3,0.1,1.4,1.6,낮음,7시,일반 모니터링 및 계도
163,의창구,의창스포츠센터 주변,0.1,0.9,1.6,낮음,17시,일반 모니터링 및 계도
164,의창구,의창소방서,0.1,1.0,1.6,낮음,17시,일반 모니터링 및 계도
165,의창구,도계동 431,0.1,0.6,1.6,낮음,19시,일반 모니터링 및 계도
166,의창구,도계동 허리편한신경외과 주변,0.1,1.3,1.6,낮음,18시,일반 모니터링 및 계도
167,의창구,중동 중동로5번길,0.1,1.3,1.5,낮음,14시,일반 모니터링 및 계도
168,의창구,명서동 500-4,0.1,1.7,1.5,낮음,15시,일반 모니터링 및 계도
169,의창구,봉림동 791-33,0.1,1.1,1.5,낮음,14시,일반 모니터링 및 계도
170,의창구,팔용동 41-23,0.1,0.5,1.5,낮음,8시,일반 모니터링 및 계도
171,의창구,동정동 흥한웰가 맞은편,0.1,0.6,1.5,낮음,10시,일반 모니터링 및 계도
172,의창구,봉곡동 37-3,0.1,0.5,1.5,낮음,19시,일반 모니터링 및 계도
173,의창구,팔용동 517,0.1,1.9,1.5,낮음,16시,일반 모니터링 및 계도
174,의창구,서상동 719-2,0.1,0.7,1.5,낮음,14시,일반 모니터링 및 계도
175,의창구,도계동 447,0.1,0.7,1.5,낮음,18시,일반 모니터링 및 계도
176,의창구,용동 55-4,0.1,1.3,1.5,낮음,18시,일반 모니터링 및 계도
177,의창구,도계동 도계로18번길,0.1,0.6,1.5,낮음,14시,일반 모니터링 및 계도
178,의창구,어반브릭스 하천주변,0.1,0.5,1.4,낮음,9시,일반 모니터링 및 계도
179,의창구,중동스타유니시티,0.1,1.0,1.4,낮음,14시,일반 모니터링 및 계도
180,의창구,팔용동 반계로80번길,0.1,0.3,1.4,낮음,7시,일반 모니터링 및 계도
181,의창구,팔용동 217,0.1,1.0,1.4,낮음,18시,일반 모니터링 및 계도
182,의창구,봉곡동 봉곡로54번길,0.1,0.2,1.4,낮음,9시,일반 모니터링 및 계도
183,의창구,팔용동 팔용로399번길,0.1,0.6,1.4,낮음,10시,일반 모니터링 및 계도
184,의창구,봉림동한들초등학교,0.1,0.6,1.4,낮음,15시,일반 모니터링 및 계도
185,의창구,도계동 425,0.1,0.9,1.4,낮음,15시,일반 모니터링 및 계도
186,의창구,도계동 440,0.1,1.0,1.4,낮음,10시,일반 모니터링 및 계도
187,의창구,소답초등학교,0.1,0.7,1.4,낮음,8시,일반 모니터링 및 계도
188,의창구,도계동 허리편한신경외과,0.1,0.5,1.3,낮음,14시,일반 모니터링 및 계도
189,의창구,팔용동웰빙프라자,0.1,1.0,1.3,낮음,10시,일반 모니터링 및 계도
190,의창구,팔용동 511,0.1,0.6,1.3,낮음,11시,일반 모니터링 및 계도
191,의창구,팔용동 526-6,0.1,0.6,1.3,낮음,12시,일반 모니터링 및 계도
192,의창구,명서동 500-6,0.1,0.9,1.3,낮음,9시,일반 모니터링 및 계도
193,의창구,소답동 170,0.1,0.6,1.3,낮음,21시,일반 모니터링 및 계도
194,의창구,팔용동 700-1,0.1,0.7,1.3,낮음,8시,일반 모니터링 및 계도
195,의창구,도계동 448,0.1,0.6,1.3,낮음,19시,일반 모니터링 및 계도
196,의창구,소계동 748,0.1,0.5,1.3,낮음,8시,일반 모니터링 및 계도
197,의창구,봉림동 791-49,0.1,0.7,1.2,낮음,12시,일반 모니터링 및 계도
198,의창구,북면 동전리 716-3,0.1,0.2,1.2,낮음,9시,일반 모니터링 및 계도
199,의창구,사림동 508,0.1,0.6,1.2,낮음,8시,일반 모니터링 및 계도
200,의창구,팔용동 8-14,0.1,0.1,1.2,낮음,12시,일반 모니터링 및 계도
201,의창구,북면 감계로,0.1,0.7,1.2,낮음,10시,일반 모니터링 및 계도
202,의창구,사림동 501-19,0.1,1.0,1.2,낮음,12시,일반 모니터링 및 계도
203,의창구,중동 유니시티3.4단지,0.1,1.2,1.2,낮음,16시,일반 모니터링 및 계도
204,의창구,팔용동 화물공영주차장 주변,0.1,1.3,1.2,낮음,10시,일반 모니터링 및 계도
205,의창구,동전산단KF농업개발,0.1,0.3,1.2,낮음,9시,일반 모니터링 및 계도
206,의창구,북동 46-5,0.1,0.9,1.1,낮음,0시,일반 모니터링 및 계도
207,의창구,팔용동 사화로,0.1,0.4,1.1,낮음,7시,일반 모니터링 및 계도
208,의창구,팔용동 532-7,0.1,0.7,1.1,낮음,8시,일반 모니터링 및 계도
209,의창구,팔용동 529-5,0.1,0.7,1.1,낮음,8시,일반 모니터링 및 계도
210,의창구,도계동 산 138-12,0.1,0.6,1.1,낮음,9시,일반 모니터링 및 계도
211,의창구,팔용동 보경테크 주변,0.1,0.4,1.1,낮음,10시,일반 모니터링 및 계도
212,의창구,팔용동 프라임하우스 주변,0.1,1.4,1.1,낮음,10시,일반 모니터링 및 계도
213,의창구,도계동 원이대로81번길,0.1,0.7,1.1,낮음,16시,일반 모니터링 및 계도
214,의창구,북면무동초삼거리주변,0.1,0.5,1.1,낮음,15시,일반 모니터링 및 계도
215,의창구,중동 평산로204번길,0.1,0.8,1.0,낮음,10시,일반 모니터링 및 계도
216,의창구,도계동 도계로107번길,0.1,1.3,1.0,낮음,10시,일반 모니터링 및 계도
217,의창구,사림동 518-9,0.1,0.3,1.0,낮음,12시,일반 모니터링 및 계도
218,의창구,팔용동 514-10,0.1,0.4,1.0,낮음,5시,일반 모니터링 및 계도
219,의창구,동정동 292-6,0.1,0.3,1.0,낮음,19시,일반 모니터링 및 계도
220,의창구,도계동 도계로83번길,0.1,0.2,1.0,낮음,9시,일반 모니터링 및 계도
221,의창구,팔용동 532-3,0.1,0.9,1.0,낮음,8시,일반 모니터링 및 계도
222,의창구,북면 무동리 309,0.1,1.1,1.0,낮음,16시,일반 모니터링 및 계도
223,의창구,명곡동 태복산로,0.1,0.2,1.0,낮음,9시,일반 모니터링 및 계도
224,의창구,동읍 덕천교차로 주변,0.1,0.6,1.0,낮음,14시,일반 모니터링 및 계도
225,의창구,도계동 창원중학교 주변,0.1,0.2,1.0,낮음,17시,일반 모니터링 및 계도
226,의창구,봉곡동 510,0.1,0.5,1.0,낮음,19시,일반 모니터링 및 계도
227,의창구,팔용동 514-16,0.1,0.4,1.0,낮음,20시,일반 모니터링 및 계도
228,의창구,팔용동 남산로27번길,0.1,0.5,1.0,낮음,7시,일반 모니터링 및 계도
229,의창구,팔용동 123-1,0.1,0.4,0.9,낮음,2시,일반 모니터링 및 계도
230,의창구,팔용동 스마트업 주변,0.1,0.6,0.9,낮음,10시,일반 모니터링 및 계도
231,의창구,소답동 164,0.1,0.5,0.9,낮음,0시,일반 모니터링 및 계도
232,의창구,사림동 518-17,0.1,3.0,0.9,낮음,14시,일반 모니터링 및 계도
233,의창구,대산면 가술리 708-24,0.1,0.6,0.9,낮음,10시,일반 모니터링 및 계도
234,의창구,팔용동 508,0.1,0.3,0.9,낮음,15시,일반 모니터링 및 계도
235,의창구,소답동 BYC 주변,0.1,0.1,0.9,낮음,18시,일반 모니터링 및 계도
236,의창구,중동 795-1,0.1,0.7,0.9,낮음,20시,일반 모니터링 및 계도
237,의창구,서상동 716-5,0.1,0.3,0.9,낮음,19시,일반 모니터링 및 계도
238,의창구,명서동 502-13,0.1,0.7,0.9,낮음,11시,일반 모니터링 및 계도
239,의창구,서상동 641-1,0.1,0.6,0.9,낮음,15시,일반 모니터링 및 계도
240,의창구,팔용동 500-2,0.1,0.3,0.8,낮음,12시,일반 모니터링 및 계도
241,의창구,팔용동 527-2,0.1,0.4,0.8,낮음,7시,일반 모니터링 및 계도
242,의창구,명서동 512,0.1,0.7,0.8,낮음,11시,일반 모니터링 및 계도
243,의창구,도계동 442,0.1,0.6,0.8,낮음,8시,일반 모니터링 및 계도
244,의창구,도계동 913-5,0.1,1.3,0.8,낮음,11시,일반 모니터링 및 계도
245,의창구,팔용동 대신금속 주변,0.1,1.3,0.8,낮음,10시,일반 모니터링 및 계도
246,의창구,소답동 368-2,0.1,0.3,0.8,낮음,23시,일반 모니터링 및 계도
247,의창구,봉곡동 36-12,0.1,0.8,0.8,낮음,20시,일반 모니터링 및 계도
248,의창구,팔용동 125,0.1,0.8,0.8,낮음,19시,일반 모니터링 및 계도
249,의창구,서상동 평산로215번길,0.1,0.5,0.8,낮음,10시,일반 모니터링 및 계도
250,의창구,중동 448-16,0.1,0.5,0.8,낮음,0시,일반 모니터링 및 계도
251,의창구,서상동 평산로195번길,0.1,0.3,0.8,낮음,11시,일반 모니터링 및 계도
252,의창구,도계동 도계로95번길,0.1,0.4,0.8,낮음,10시,일반 모니터링 및 계도
253,의창구,중동 도계중사거리,0.1,0.4,0.8,낮음,14시,일반 모니터링 및 계도
254,의창구,북면 감계리 740-2,0.1,0.5,0.8,낮음,10시,일반 모니터링 및 계도
255,의창구,팔용동 사화로17번길,0.1,0.2,0.8,낮음,7시,일반 모니터링 및 계도
256,의창구,중동 480-23,0.1,0.1,0.8,낮음,13시,일반 모니터링 및 계도
257,의창구,서상동 449-1,0.1,0.9,0.8,낮음,7시,일반 모니터링 및 계도
258,의창구,팔용동아티움시티105동앞,0.1,0.4,0.8,낮음,10시,일반 모니터링 및 계도
259,의창구,도계동 태복산로15번길,0.1,0.2,0.7,낮음,15시,일반 모니터링 및 계도
260,의창구,소답동 166,0.1,0.3,0.7,낮음,18시,일반 모니터링 및 계도
261,의창구,북면 동전리 716-8,0.1,0.6,0.7,낮음,12시,일반 모니터링 및 계도
262,의창구,팔용동 35-1,0.1,0.6,0.7,낮음,16시,일반 모니터링 및 계도
263,의창구,북면 천수림아파트 주변,0.1,0.9,0.7,낮음,15시,일반 모니터링 및 계도
264,의창구,명서동 명지로63번길,0.1,0.1,0.7,낮음,14시,일반 모니터링 및 계도
265,의창구,팔용동 무역로581번길,0.1,1.9,0.7,낮음,10시,일반 모니터링 및 계도
266,의창구,도계동 392,0.1,0.7,0.7,낮음,20시,일반 모니터링 및 계도
267,의창구,중동 과학고등학교 주변,0.1,1.2,0.7,낮음,10시,일반 모니터링 및 계도
268,의창구,중동 771-4,0.1,0.3,0.7,낮음,12시,일반 모니터링 및 계도
269,의창구,서상동 309-5,0.1,0.3,0.7,낮음,15시,일반 모니터링 및 계도
270,의창구,봉곡동 502-12,0.1,0.3,0.7,낮음,18시,일반 모니터링 및 계도
271,의창구,봉곡동 사림로,0.1,0.3,0.7,낮음,18시,일반 모니터링 및 계도
272,의창구,소답동 163,0.1,0.5,0.7,낮음,20시,일반 모니터링 및 계도
273,의창구,북면 동전로45번길,0.1,0.7,0.7,낮음,15시,일반 모니터링 및 계도
274,의창구,용동 창원중앙역  주변,0.1,0.8,0.7,낮음,9시,일반 모니터링 및 계도
275,의창구,명서동 502-12,0.1,0.3,0.7,낮음,13시,일반 모니터링 및 계도
276,의창구,팔용동 522-4,0.1,3.0,0.7,낮음,8시,일반 모니터링 및 계도
277,의창구,도계동 하남천동길,0.1,0.3,0.7,낮음,9시,일반 모니터링 및 계도
278,의창구,팔용동 523-3,0.1,0.3,0.7,낮음,12시,일반 모니터링 및 계도
279,의창구,팔용동 남산로39번길,0.1,0.3,0.7,낮음,10시,일반 모니터링 및 계도
280,의창구,봉곡동 502-25,0.1,0.3,0.7,낮음,18시,일반 모니터링 및 계도
281,의창구,명곡동 채움마트  주변,0.1,0.3,0.7,낮음,20시,일반 모니터링 및 계도
282,의창구,감계 데시앙101동앞,0.1,0.3,0.7,낮음,15시,일반 모니터링 및 계도
283,의창구,중동 619-1,0.1,0.2,0.7,낮음,13시,일반 모니터링 및 계도
284,의창구,도계동 89-9,0.1,0.3,0.7,낮음,8시,일반 모니터링 및 계도
285,의창구,도계동 437,0.1,0.4,0.7,낮음,21시,일반 모니터링 및 계도
286,의창구,팔용동 123-2,0.1,0.7,0.7,낮음,20시,일반 모니터링 및 계도
287,의창구,도계동 허리편한신경외과  주변,0.1,0.3,0.7,낮음,18시,일반 모니터링 및 계도
288,의창구,사림동 509,0.1,0.5,0.7,낮음,8시,일반 모니터링 및 계도
289,의창구,북면 감계리 740-1,0.1,0.5,0.7,낮음,0시,일반 모니터링 및 계도
290,의창구,서상동 313-11,0.1,0.7,0.6,낮음,8시,일반 모니터링 및 계도
291,의창구,중동 406,0.1,0.4,0.6,낮음,0시,일반 모니터링 및 계도
292,의창구,팔용동 드림타운 주변,0.1,0.4,0.6,낮음,10시,일반 모니터링 및 계도
293,의창구,서상동 666-8,0.1,1.2,0.6,낮음,18시,일반 모니터링 및 계도
294,의창구,동전산단한양테크,0.1,0.3,0.6,낮음,10시,일반 모니터링 및 계도
295,의창구,봉곡동 503-3,0.1,0.4,0.6,낮음,9시,일반 모니터링 및 계도
296,의창구,봉곡동 36-6,0.1,0.3,0.6,낮음,20시,일반 모니터링 및 계도
297,의창구,도계동 907,0.0,0.2,0.6,낮음,12시,일반 모니터링 및 계도
298,의창구,도계동 원이대로93번길,0.0,0.2,0.6,낮음,15시,일반 모니터링 및 계도
299,의창구,명서동 명지로109번길,0.0,0.1,0.6,낮음,10시,일반 모니터링 및 계도
300,의창구,봉림동 791-41,0.0,0.6,0.6,낮음,12시,일반 모니터링 및 계도
301,의창구,서상동 663-12,0.0,0.1,0.6,낮음,14시,일반 모니터링 및 계도
302,의창구,서상동 의창대로238번길,0.0,0.1,0.6,낮음,9시,일반 모니터링 및 계도
303,의창구,중동 메트로병원  주변,0.0,0.5,0.6,낮음,10시,일반 모니터링 및 계도
304,의창구,소계동 747,0.0,0.3,0.6,낮음,17시,일반 모니터링 및 계도
305,의창구,중동 795-5,0.0,0.3,0.6,낮음,19시,일반 모니터링 및 계도
306,의창구,북면 동전로,0.0,1.2,0.6,낮음,14시,일반 모니터링 및 계도
307,의창구,도계동 432,0.0,0.4,0.6,낮음,19시,일반 모니터링 및 계도
308,의창구,도계동 497-7,0.0,0.2,0.6,낮음,14시,일반 모니터링 및 계도
309,의창구,팔용동 101,0.0,0.3,0.6,낮음,20시,일반 모니터링 및 계도
310,의창구,팔용동 반계로62번길,0.0,0.4,0.6,낮음,7시,일반 모니터링 및 계도
311,의창구,봉곡동 175-15,0.0,0.3,0.6,낮음,19시,일반 모니터링 및 계도
312,의창구,팔용동 위딘 주변,0.0,1.9,0.6,낮음,10시,일반 모니터링 및 계도
313,의창구,팔용동 507,0.0,0.6,0.6,낮음,17시,일반 모니터링 및 계도
314,의창구,중동 740-1,0.0,0.3,0.6,낮음,9시,일반 모니터링 및 계도
315,의창구,도계동 389-2,0.0,0.6,0.6,낮음,9시,일반 모니터링 및 계도
316,의창구,중동 795-11,0.0,0.3,0.6,낮음,20시,일반 모니터링 및 계도
317,의창구,용동 351-1,0.0,0.3,0.6,낮음,13시,일반 모니터링 및 계도
318,의창구,동정동 319-1,0.0,0.3,0.6,낮음,19시,일반 모니터링 및 계도
319,의창구,봉곡동 502-31,0.0,0.4,0.6,낮음,5시,일반 모니터링 및 계도
320,의창구,봉곡동 94-1,0.0,0.3,0.6,낮음,19시,일반 모니터링 및 계도
321,의창구,팔용동 529-4,0.0,0.3,0.6,낮음,8시,일반 모니터링 및 계도
322,의창구,서상동 400-1,0.0,0.2,0.6,낮음,6시,일반 모니터링 및 계도
323,의창구,도계동 534-2,0.0,0.4,0.5,낮음,10시,일반 모니터링 및 계도
324,의창구,명서동 원이대로240번길,0.0,0.2,0.5,낮음,7시,일반 모니터링 및 계도
325,의창구,팔용동 팔용로420번길,0.0,0.5,0.5,낮음,19시,일반 모니터링 및 계도
326,의창구,도계동 456-6,0.0,0.3,0.5,낮음,19시,일반 모니터링 및 계도
327,의창구,북면 무동리 209,0.0,0.3,0.5,낮음,20시,일반 모니터링 및 계도
328,의창구,북면 감계리 712,0.0,0.2,0.5,낮음,19시,일반 모니터링 및 계도
329,의창구,사림동 517,0.0,0.4,0.5,낮음,10시,일반 모니터링 및 계도
330,의창구,팔용동 의창대로,0.0,0.3,0.5,낮음,10시,일반 모니터링 및 계도
331,의창구,도계동 913-8,0.0,0.9,0.5,낮음,17시,일반 모니터링 및 계도
332,의창구,봉곡동 31-1,0.0,0.3,0.5,낮음,10시,일반 모니터링 및 계도
333,의창구,팔용동 532-5,0.0,0.3,0.5,낮음,8시,일반 모니터링 및 계도
334,의창구,소답동 160,0.0,0.3,0.5,낮음,0시,일반 모니터링 및 계도
335,의창구,봉곡동 502-1,0.0,0.2,0.5,낮음,17시,일반 모니터링 및 계도
336,의창구,서상동 206-2,0.0,0.6,0.5,낮음,13시,일반 모니터링 및 계도
337,의창구,도계동 433,0.0,0.2,0.5,낮음,23시,일반 모니터링 및 계도
338,의창구,명서동 명지로67번길,0.0,0.3,0.5,낮음,13시,일반 모니터링 및 계도
339,의창구,팔용동 창원대로,0.0,0.6,0.5,낮음,10시,일반 모니터링 및 계도
340,의창구,봉곡동 41,0.0,0.2,0.5,낮음,19시,일반 모니터링 및 계도
341,의창구,서상동 716-2,0.0,0.4,0.5,낮음,0시,일반 모니터링 및 계도
342,의창구,팔용동 149-12,0.0,0.5,0.5,낮음,10시,일반 모니터링 및 계도
343,의창구,팔용동 반계로68번길,0.0,0.4,0.5,낮음,7시,일반 모니터링 및 계도
344,의창구,소답동 113-21,0.0,0.2,0.5,낮음,19시,일반 모니터링 및 계도
345,의창구,중동 795-22,0.0,0.4,0.5,낮음,20시,일반 모니터링 및 계도
346,의창구,명서동 505-24,0.0,0.3,0.5,낮음,12시,일반 모니터링 및 계도
347,의창구,명서동 502-3,0.0,0.3,0.5,낮음,16시,일반 모니터링 및 계도
348,의창구,명서동 500-3,0.0,0.7,0.5,낮음,17시,일반 모니터링 및 계도
349,의창구,중동 722,0.0,0.5,0.5,낮음,16시,일반 모니터링 및 계도
350,의창구,명서동 502-5,0.0,0.3,0.5,낮음,21시,일반 모니터링 및 계도
351,의창구,서상동 11-10,0.0,0.3,0.5,낮음,0시,일반 모니터링 및 계도
352,의창구,도계동 309-5,0.0,0.4,0.5,낮음,16시,일반 모니터링 및 계도
353,의창구,사림동 518-10,0.0,0.3,0.5,낮음,11시,일반 모니터링 및 계도
354,의창구,서상동 390-2,0.0,0.1,0.5,낮음,12시,일반 모니터링 및 계도
355,의창구,명서동 505-30,0.0,0.4,0.5,낮음,21시,일반 모니터링 및 계도
356,의창구,명서동 500-7,0.0,0.3,0.5,낮음,13시,일반 모니터링 및 계도
357,의창구,명서동 505-10,0.0,0.2,0.5,낮음,15시,일반 모니터링 및 계도
358,의창구,용동 창원중앙역 주변,0.0,0.4,0.5,낮음,10시,일반 모니터링 및 계도
359,의창구,사림동 501-8,0.0,0.4,0.5,낮음,21시,일반 모니터링 및 계도
360,의창구,서상동 719-1,0.0,0.2,0.5,낮음,18시,일반 모니터링 및 계도
361,의창구,도계동 838-29,0.0,0.2,0.5,낮음,8시,일반 모니터링 및 계도
362,의창구,북면 무동리 252,0.0,0.3,0.5,낮음,17시,일반 모니터링 및 계도
363,의창구,도계동 395-2,0.0,0.3,0.5,낮음,21시,일반 모니터링 및 계도
364,의창구,봉곡동 502-35,0.0,0.2,0.5,낮음,6시,일반 모니터링 및 계도
365,의창구,봉곡동 503-2,0.0,0.3,0.5,낮음,20시,일반 모니터링 및 계도
366,의창구,도계동 88-5,0.0,0.2,0.5,낮음,8시,일반 모니터링 및 계도
367,의창구,사림동 518-16,0.0,0.6,0.5,낮음,14시,일반 모니터링 및 계도
368,의창구,봉곡동 502-37,0.0,0.3,0.5,낮음,21시,일반 모니터링 및 계도
369,의창구,서상동 718-1,0.0,0.3,0.4,낮음,13시,일반 모니터링 및 계도
370,의창구,명서동 505-43,0.0,0.4,0.4,낮음,11시,일반 모니터링 및 계도
371,의창구,도계동 396-5,0.0,0.2,0.4,낮음,19시,일반 모니터링 및 계도
372,의창구,서상동 688-7,0.0,0.2,0.4,낮음,19시,일반 모니터링 및 계도
373,의창구,소답동 140-14,0.0,0.4,0.4,낮음,21시,일반 모니터링 및 계도
374,의창구,사림동 101-9,0.0,0.2,0.4,낮음,8시,일반 모니터링 및 계도
375,의창구,서상동 689,0.0,0.3,0.4,낮음,19시,일반 모니터링 및 계도
376,의창구,명서동 두산위브204동  주변,0.0,0.3,0.4,낮음,20시,일반 모니터링 및 계도
377,의창구,북면 감계리 726,0.0,0.3,0.4,낮음,11시,일반 모니터링 및 계도
378,의창구,북면 무동리 251,0.0,0.3,0.4,낮음,15시,일반 모니터링 및 계도
379,의창구,봉곡동 511-14,0.0,0.3,0.4,낮음,21시,일반 모니터링 및 계도
380,의창구,봉곡동 502-33,0.0,0.4,0.4,낮음,19시,일반 모니터링 및 계도
381,의창구,북면 감계리 188,0.0,0.3,0.4,낮음,16시,일반 모니터링 및 계도
382,의창구,봉곡동 38-4,0.0,0.3,0.4,낮음,12시,일반 모니터링 및 계도
383,의창구,중동 중동중앙로,0.0,0.3,0.4,낮음,16시,일반 모니터링 및 계도
384,의창구,봉림동 791-47,0.0,0.3,0.4,낮음,19시,일반 모니터링 및 계도
385,의창구,서상동 716-3,0.0,0.3,0.4,낮음,20시,일반 모니터링 및 계도
386,의창구,명서동 505-12,0.0,0.4,0.4,낮음,13시,일반 모니터링 및 계도
387,의창구,사림동 501-12,0.0,0.3,0.4,낮음,20시,일반 모니터링 및 계도
388,의창구,소계동 749,0.0,0.2,0.4,낮음,22시,일반 모니터링 및 계도
389,의창구,사림동 162-7,0.0,0.4,0.4,낮음,12시,일반 모니터링 및 계도
390,의창구,도계동 또봉이통닭 주변,0.0,0.4,0.4,낮음,18시,일반 모니터링 및 계도
391,의창구,사림동 1-15,0.0,0.3,0.4,낮음,9시,일반 모니터링 및 계도
392,의창구,사림동 105-1,0.0,0.8,0.4,낮음,19시,일반 모니터링 및 계도
393,의창구,팔용동 20-30,0.0,0.4,0.4,낮음,7시,일반 모니터링 및 계도
394,의창구,도계동 홀마트주변,0.0,0.1,0.4,낮음,10시,일반 모니터링 및 계도
395,의창구,봉곡동 지귀로24번길,0.0,0.1,0.4,낮음,13시,일반 모니터링 및 계도
396,의창구,북면 감계리 236-5,0.0,0.3,0.4,낮음,9시,일반 모니터링 및 계도
397,의창구,사림동 501-10,0.0,0.1,0.4,낮음,11시,일반 모니터링 및 계도
398,의창구,중동 511-4,0.0,0.3,0.4,낮음,12시,일반 모니터링 및 계도
399,의창구,명서동 서곡길25번길,0.0,0.2,0.4,낮음,10시,일반 모니터링 및 계도
400,의창구,서상동 664-11,0.0,0.3,0.4,낮음,18시,일반 모니터링 및 계도
401,의창구,도계동 456-4,0.0,0.3,0.4,낮음,10시,일반 모니터링 및 계도
402,의창구,명서동 206-6,0.0,0.2,0.4,낮음,10시,일반 모니터링 및 계도
403,의창구,서상동 422-1,0.0,0.6,0.4,낮음,9시,일반 모니터링 및 계도
404,의창구,도계동 913-1,0.0,0.3,0.4,낮음,11시,일반 모니터링 및 계도
405,의창구,중동 773-1,0.0,0.3,0.4,낮음,17시,일반 모니터링 및 계도
406,의창구,북면 감계리 732,0.0,0.3,0.4,낮음,8시,일반 모니터링 및 계도
407,의창구,서상동 636-7,0.0,0.4,0.4,낮음,21시,일반 모니터링 및 계도
408,의창구,팔용동 60-11,0.0,0.3,0.4,낮음,8시,일반 모니터링 및 계도
409,의창구,팔용동 503-3,0.0,0.2,0.4,낮음,7시,일반 모니터링 및 계도
410,의창구,북면 감계리 792-16,0.0,0.2,0.4,낮음,4시,일반 모니터링 및 계도
411,의창구,사림동 사림로16번길,0.0,0.4,0.4,낮음,14시,일반 모니터링 및 계도
412,의창구,북면 우리마트 주변,0.0,0.3,0.4,낮음,10시,일반 모니터링 및 계도
413,의창구,명서동 104,0.0,0.1,0.4,낮음,10시,일반 모니터링 및 계도
414,의창구,중동 508,0.0,0.3,0.4,낮음,13시,일반 모니터링 및 계도
415,의창구,도계동 도계로73번길,0.0,0.5,0.4,낮음,13시,일반 모니터링 및 계도
416,의창구,중동 448-17,0.0,0.7,0.4,낮음,22시,일반 모니터링 및 계도
417,의창구,용동 용동로57번안길,0.0,0.1,0.4,낮음,14시,일반 모니터링 및 계도
418,의창구,봉곡동 메디칼약국,0.0,0.2,0.4,낮음,14시,일반 모니터링 및 계도
419,의창구,소계동 750,0.0,0.3,0.4,낮음,18시,일반 모니터링 및 계도
420,의창구,팔용동 남명학사  주변,0.0,0.2,0.4,낮음,17시,일반 모니터링 및 계도
421,의창구,도계동 319-3,0.0,0.3,0.4,낮음,8시,일반 모니터링 및 계도
422,의창구,팔용동 팔용로419번길,0.0,0.2,0.4,낮음,16시,일반 모니터링 및 계도
423,의창구,봉곡동 원이대로261번길,0.0,0.3,0.4,낮음,13시,일반 모니터링 및 계도
424,의창구,서상동 650-1,0.0,0.3,0.4,낮음,20시,일반 모니터링 및 계도
425,의창구,서상동 684-7,0.0,0.3,0.4,낮음,2시,일반 모니터링 및 계도
426,의창구,명서동 505-36,0.0,0.5,0.4,낮음,23시,일반 모니터링 및 계도
427,의창구,명서동 505-28,0.0,0.5,0.4,낮음,0시,일반 모니터링 및 계도
428,의창구,봉림동 791-34,0.0,0.4,0.4,낮음,14시,일반 모니터링 및 계도
429,의창구,북면 감계리 724-3,0.0,0.3,0.4,낮음,19시,일반 모니터링 및 계도
430,의창구,도계동 하남천서길,0.0,0.5,0.4,낮음,9시,일반 모니터링 및 계도
431,의창구,팔용동 527-1,0.0,0.3,0.4,낮음,8시,일반 모니터링 및 계도
432,의창구,소계동 716-1,0.0,0.3,0.3,낮음,8시,일반 모니터링 및 계도
433,의창구,중동 742,0.0,0.4,0.3,낮음,17시,일반 모니터링 및 계도
434,의창구,팔용동 23-6,0.0,0.3,0.3,낮음,7시,일반 모니터링 및 계도
435,의창구,용동 창원중앙역 삼거리,0.0,0.3,0.3,낮음,14시,일반 모니터링 및 계도
436,의창구,봉곡동 502-5,0.0,0.2,0.3,낮음,8시,일반 모니터링 및 계도
437,의창구,봉곡동 175-16,0.0,0.3,0.3,낮음,18시,일반 모니터링 및 계도
438,의창구,소계동 714-10,0.0,0.3,0.3,낮음,11시,일반 모니터링 및 계도
439,의창구,중동 771-1,0.0,0.3,0.3,낮음,17시,일반 모니터링 및 계도
440,의창구,중동 739-19,0.0,0.3,0.3,낮음,10시,일반 모니터링 및 계도
441,의창구,중동 782,0.0,0.1,0.3,낮음,12시,일반 모니터링 및 계도
442,의창구,봉곡동 34-5,0.0,0.5,0.3,낮음,20시,일반 모니터링 및 계도
443,의창구,북면 감계리 248-4,0.0,0.3,0.3,낮음,2시,일반 모니터링 및 계도
444,의창구,도계동 410-15,0.0,0.3,0.3,낮음,8시,일반 모니터링 및 계도
445,의창구,중동 760-8,0.0,0.3,0.3,낮음,13시,일반 모니터링 및 계도
446,의창구,팔룡동 나들가게,0.0,0.3,0.3,낮음,8시,일반 모니터링 및 계도
447,의창구,명서동 104-1,0.0,0.5,0.3,낮음,7시,일반 모니터링 및 계도
448,의창구,용동 퇴촌로,0.0,0.3,0.3,낮음,13시,일반 모니터링 및 계도
449,의창구,사림동 1,0.0,0.3,0.3,낮음,11시,일반 모니터링 및 계도
450,의창구,명서동 212,0.0,0.3,0.3,낮음,19시,일반 모니터링 및 계도
451,의창구,동읍 용정리 8-27,0.0,0.3,0.3,낮음,7시,일반 모니터링 및 계도
452,의창구,북면 무동리 306,0.0,0.3,0.3,낮음,8시,일반 모니터링 및 계도
453,의창구,소답동 120-1,0.0,0.3,0.3,낮음,19시,일반 모니터링 및 계도
454,의창구,팔용동 148-1,0.0,0.3,0.3,낮음,15시,일반 모니터링 및 계도
455,의창구,사림동 1-1,0.0,0.3,0.3,낮음,15시,일반 모니터링 및 계도
456,의창구,중동 739-20,0.0,0.3,0.3,낮음,19시,일반 모니터링 및 계도
457,의창구,봉림동 699,0.0,0.3,0.3,낮음,12시,일반 모니터링 및 계도
458,의창구,팔용동 122,0.0,0.3,0.3,낮음,0시,일반 모니터링 및 계도
459,의창구,봉곡동 169,0.0,0.3,0.3,낮음,6시,일반 모니터링 및 계도
460,의창구,팔용동 차상로,0.0,0.3,0.3,낮음,10시,일반 모니터링 및 계도
461,의창구,서상동 666-7,0.0,0.7,0.3,낮음,18시,일반 모니터링 및 계도
462,의창구,도계동 88-2,0.0,0.1,0.3,낮음,8시,일반 모니터링 및 계도
463,의창구,중동 776-3,0.0,0.1,0.3,낮음,17시,일반 모니터링 및 계도
464,의창구,팔용동 41-31,0.0,0.3,0.3,낮음,8시,일반 모니터링 및 계도
465,의창구,도계동 574-6,0.0,0.3,0.3,낮음,4시,일반 모니터링 및 계도
466,의창구,서상동 11-6,0.0,0.3,0.3,낮음,0시,일반 모니터링 및 계도
467,의창구,봉림동 792-1,0.0,0.3,0.3,낮음,17시,일반 모니터링 및 계도
468,의창구,사림동 101-4,0.0,0.3,0.3,낮음,17시,일반 모니터링 및 계도
469,의창구,사림동 518-8,0.0,0.2,0.3,낮음,12시,일반 모니터링 및 계도
470,의창구,서상동 602-1,0.0,0.3,0.3,낮음,7시,일반 모니터링 및 계도
471,의창구,도계동 더 좋은집,0.0,0.3,0.3,낮음,9시,일반 모니터링 및 계도
472,의창구,팔용동 벽산블루밍아파트C단지 주변,0.0,0.3,0.3,낮음,20시,일반 모니터링 및 계도
473,의창구,사림동 104-13,0.0,0.3,0.3,낮음,8시,일반 모니터링 및 계도
474,의창구,팔용동 170-10,0.0,0.1,0.3,낮음,19시,일반 모니터링 및 계도
475,의창구,중동 771-2,0.0,0.3,0.3,낮음,12시,일반 모니터링 및 계도
476,의창구,사림동 165-13,0.0,0.3,0.3,낮음,11시,일반 모니터링 및 계도
477,의창구,도계동 391-2,0.0,0.1,0.3,낮음,17시,일반 모니터링 및 계도
478,의창구,서상동 715-3,0.0,0.3,0.3,낮음,17시,일반 모니터링 및 계도
479,의창구,명서동 199-11,0.0,0.3,0.3,낮음,16시,일반 모니터링 및 계도
480,의창구,사림동 501-3,0.0,0.3,0.3,낮음,12시,일반 모니터링 및 계도
481,의창구,팔용동 514-9,0.0,0.3,0.3,낮음,5시,일반 모니터링 및 계도
482,의창구,도계동 398-5,0.0,0.1,0.3,낮음,14시,일반 모니터링 및 계도
483,의창구,봉곡동 175-18,0.0,0.3,0.3,낮음,13시,일반 모니터링 및 계도
484,의창구,명서동 명지로94번길,0.0,0.3,0.3,낮음,10시,일반 모니터링 및 계도
485,의창구,사림동 518-7,0.0,0.3,0.3,낮음,12시,일반 모니터링 및 계도
486,의창구,도계동 태복산로23번길,0.0,0.3,0.3,낮음,8시,일반 모니터링 및 계도
487,의창구,명서동 502-11,0.0,0.3,0.3,낮음,13시,일반 모니터링 및 계도
488,의창구,소답동 143-14,0.0,0.3,0.3,낮음,17시,일반 모니터링 및 계도
489,의창구,도계동 439,0.0,0.2,0.3,낮음,20시,일반 모니터링 및 계도
490,의창구,팔용동 화물공영주차장  주변,0.0,0.3,0.3,낮음,10시,일반 모니터링 및 계도
491,의창구,북면 감계리 252-1,0.0,0.3,0.3,낮음,12시,일반 모니터링 및 계도
492,의창구,사림동 105-21,0.0,0.3,0.3,낮음,16시,일반 모니터링 및 계도
493,의창구,중동 773-2,0.0,0.3,0.3,낮음,15시,일반 모니터링 및 계도
494,의창구,봉곡동 다원찜,0.0,0.2,0.3,낮음,14시,일반 모니터링 및 계도
495,의창구,봉곡동 502-16,0.0,0.3,0.3,낮음,18시,일반 모니터링 및 계도
496,의창구,사림동 141-16,0.0,0.3,0.3,낮음,5시,일반 모니터링 및 계도
497,의창구,팔용동 동서식품  주변,0.0,0.4,0.3,낮음,10시,일반 모니터링 및 계도
498,의창구,도계동 399-5,0.0,0.3,0.3,낮음,21시,일반 모니터링 및 계도
499,의창구,팔용동 124-1,0.0,0.3,0.3,낮음,20시,일반 모니터링 및 계도
500,의창구,팔용동 42-19,0.0,0.1,0.3,낮음,11시,일반 모니터링 및 계도
501,의창구,팔용동 503-5,0.0,0.2,0.3,낮음,11시,일반 모니터링 및 계도
502,의창구,중동 758-1,0.0,0.3,0.2,낮음,12시,일반 모니터링 및 계도
503,의창구,도계동 436,0.0,0.1,0.2,낮음,8시,일반 모니터링 및 계도
504,의창구,팔용동 211,0.0,0.3,0.2,낮음,15시,일반 모니터링 및 계도
505,의창구,북면 감계리 724-4,0.0,0.3,0.2,낮음,11시,일반 모니터링 및 계도
506,의창구,사림동 518-6,0.0,0.3,0.2,낮음,10시,일반 모니터링 및 계도
507,의창구,도계동 479,0.0,0.3,0.2,낮음,12시,일반 모니터링 및 계도
508,의창구,북면 신촌리 964-9,0.0,0.1,0.2,낮음,13시,일반 모니터링 및 계도
509,의창구,팔용동 사화로10번길,0.0,0.2,0.2,낮음,10시,일반 모니터링 및 계도
510,의창구,봉림동 713-11,0.0,0.3,0.2,낮음,4시,일반 모니터링 및 계도
511,의창구,봉곡동 82-1,0.0,0.4,0.2,낮음,10시,일반 모니터링 및 계도
512,의창구,도계동 467,0.0,0.1,0.2,낮음,19시,일반 모니터링 및 계도
513,의창구,팔용동 20-24,0.0,0.3,0.2,낮음,10시,일반 모니터링 및 계도
514,의창구,도계동 89-1,0.0,0.3,0.2,낮음,8시,일반 모니터링 및 계도
515,의창구,중동 읍성로,0.0,0.3,0.2,낮음,10시,일반 모니터링 및 계도
516,의창구,도계동 350-7,0.0,0.1,0.2,낮음,21시,일반 모니터링 및 계도
517,의창구,사림동 165-1,0.0,0.3,0.2,낮음,15시,일반 모니터링 및 계도
518,의창구,팔용동 538,0.0,0.3,0.2,낮음,20시,일반 모니터링 및 계도
519,의창구,팔용동 73,0.0,0.3,0.2,낮음,7시,일반 모니터링 및 계도
520,의창구,중동 784-1,0.0,0.3,0.2,낮음,21시,일반 모니터링 및 계도
521,의창구,팔용동 영풍전자 주변,0.0,0.3,0.2,낮음,13시,일반 모니터링 및 계도
522,의창구,팔용동 502-3,0.0,0.3,0.2,낮음,12시,일반 모니터링 및 계도
523,의창구,중동 775-9,0.0,0.3,0.2,낮음,17시,일반 모니터링 및 계도
524,의창구,팔용동 506,0.0,0.3,0.2,낮음,20시,일반 모니터링 및 계도
525,의창구,봉곡동 175-17,0.0,0.3,0.2,낮음,19시,일반 모니터링 및 계도
526,의창구,북면 무동리 104-1,0.0,0.3,0.2,낮음,5시,일반 모니터링 및 계도
527,의창구,도계동 909,0.0,0.3,0.2,낮음,17시,일반 모니터링 및 계도
528,의창구,봉곡동 18,0.0,0.3,0.2,낮음,22시,일반 모니터링 및 계도
529,의창구,사림동 103-12,0.0,0.3,0.2,낮음,8시,일반 모니터링 및 계도
530,의창구,명서동 105-16,0.0,0.3,0.2,낮음,13시,일반 모니터링 및 계도
531,의창구,서상동 713-3,0.0,0.3,0.2,낮음,0시,일반 모니터링 및 계도
532,의창구,서상동 718-2,0.0,0.4,0.2,낮음,18시,일반 모니터링 및 계도
533,의창구,사림동 5-8,0.0,0.3,0.2,낮음,21시,일반 모니터링 및 계도
534,의창구,중동 678-1,0.0,0.1,0.2,낮음,9시,일반 모니터링 및 계도
535,의창구,팔용동 창대빌딩,0.0,0.3,0.2,낮음,8시,일반 모니터링 및 계도
536,의창구,대산면 가술리 711,0.0,0.3,0.2,낮음,8시,일반 모니터링 및 계도
537,의창구,도계동 307-7,0.0,0.3,0.2,낮음,20시,일반 모니터링 및 계도
538,의창구,팔용동 35,0.0,0.3,0.2,낮음,10시,일반 모니터링 및 계도
539,의창구,봉곡동 502-7,0.0,0.3,0.2,낮음,10시,일반 모니터링 및 계도
540,의창구,팔용동 로텍 주변,0.0,0.4,0.2,낮음,10시,일반 모니터링 및 계도
541,의창구,북면 데시앙아파트 주변,0.0,0.8,0.2,낮음,20시,일반 모니터링 및 계도
542,의창구,명서동 500-5,0.0,0.3,0.2,낮음,18시,일반 모니터링 및 계도
543,의창구,서상동 720,0.0,0.3,0.2,낮음,13시,일반 모니터링 및 계도
544,의창구,북면 감계리 710,0.0,0.3,0.2,낮음,18시,일반 모니터링 및 계도
545,의창구,팔용동 530-1,0.0,0.3,0.2,낮음,10시,일반 모니터링 및 계도
546,의창구,명서동 505-7,0.0,0.3,0.2,낮음,1시,일반 모니터링 및 계도
547,의창구,팔용동 사화로90번길,0.0,0.3,0.2,낮음,10시,일반 모니터링 및 계도
548,의창구,도계동 산 135-5,0.0,0.4,0.2,낮음,10시,일반 모니터링 및 계도
549,의창구,서상동 715-4,0.0,0.3,0.2,낮음,15시,일반 모니터링 및 계도
550,의창구,팔용동 529-7,0.0,0.1,0.2,낮음,8시,일반 모니터링 및 계도
551,의창구,사림동 165-2,0.0,0.1,0.2,낮음,12시,일반 모니터링 및 계도
552,의창구,명서동 114-1,0.0,0.3,0.2,낮음,8시,일반 모니터링 및 계도
553,의창구,도계동 409-1,0.0,0.1,0.2,낮음,20시,일반 모니터링 및 계도
554,의창구,중동 739-13,0.0,0.3,0.2,낮음,9시,일반 모니터링 및 계도
555,의창구,봉곡동 502-28,0.0,0.3,0.2,낮음,13시,일반 모니터링 및 계도
556,의창구,북면 무동리 163,0.0,0.1,0.2,낮음,16시,일반 모니터링 및 계도
557,의창구,도계동 416-4,0.0,0.3,0.2,낮음,11시,일반 모니터링 및 계도
558,의창구,중동 775-1,0.0,0.3,0.2,낮음,12시,일반 모니터링 및 계도
559,의창구,팔용동 526-7,0.0,0.4,0.2,낮음,8시,일반 모니터링 및 계도
560,의창구,서상동 356-2,0.0,0.3,0.2,낮음,20시,일반 모니터링 및 계도
561,의창구,서상동 690-1,0.0,0.3,0.2,낮음,20시,일반 모니터링 및 계도
562,의창구,동읍 용정리 8-25,0.0,0.3,0.2,낮음,19시,일반 모니터링 및 계도
563,의창구,사림동 501-22,0.0,0.1,0.2,낮음,10시,일반 모니터링 및 계도
564,의창구,중동 776-1,0.0,0.1,0.2,낮음,13시,일반 모니터링 및 계도
565,의창구,명서동 502-10,0.0,0.3,0.2,낮음,12시,일반 모니터링 및 계도
566,의창구,사림동 505,0.0,0.3,0.2,낮음,4시,일반 모니터링 및 계도
567,의창구,동정동 의창대로,0.0,0.3,0.2,낮음,7시,일반 모니터링 및 계도
568,의창구,동정동 923-3,0.0,0.3,0.2,낮음,6시,일반 모니터링 및 계도
569,의창구,도계동 홀마트 주변,0.0,0.1,0.2,낮음,9시,일반 모니터링 및 계도
570,의창구,소답동 145-3,0.0,0.1,0.2,낮음,14시,일반 모니터링 및 계도
571,의창구,서상동 643-4,0.0,0.3,0.2,낮음,7시,일반 모니터링 및 계도
572,의창구,팔용동 40-6,0.0,0.3,0.2,낮음,3시,일반 모니터링 및 계도
573,의창구,봉곡동 사림로45번길,0.0,0.3,0.2,낮음,20시,일반 모니터링 및 계도
574,의창구,사림동 502-4,0.0,0.4,0.2,낮음,10시,일반 모니터링 및 계도
575,의창구,팔용동 24-15,0.0,0.3,0.2,낮음,9시,일반 모니터링 및 계도
576,의창구,명서동 505-18,0.0,0.2,0.2,낮음,16시,일반 모니터링 및 계도
577,의창구,명서동 원이대로189번길,0.0,0.3,0.2,낮음,10시,일반 모니터링 및 계도
578,의창구,서상동 산림조합 주변,0.0,0.5,0.2,낮음,13시,일반 모니터링 및 계도
579,의창구,도계동 400-1,0.0,0.3,0.2,낮음,19시,일반 모니터링 및 계도
580,의창구,봉림동 712-8,0.0,0.3,0.2,낮음,14시,일반 모니터링 및 계도
581,의창구,북면감계초등학교,0.0,0.3,0.2,낮음,15시,일반 모니터링 및 계도
582,의창구,퇴촌동 퇴촌로45번길,0.0,0.3,0.2,낮음,14시,일반 모니터링 및 계도
583,의창구,서상동 708-1,0.0,0.3,0.2,낮음,12시,일반 모니터링 및 계도
584,의창구,북면 동전리 716-2,0.0,0.3,0.2,낮음,12시,일반 모니터링 및 계도
585,의창구,동읍 덕천교차로,0.0,0.1,0.2,낮음,9시,일반 모니터링 및 계도
586,의창구,서상동 660-2,0.0,0.1,0.2,낮음,18시,일반 모니터링 및 계도
587,의창구,사림동 113-18,0.0,0.3,0.2,낮음,3시,일반 모니터링 및 계도
588,의창구,용동 626-26,0.0,0.3,0.2,낮음,13시,일반 모니터링 및 계도
589,의창구,대산면 제동리 273-94,0.0,0.3,0.2,낮음,8시,일반 모니터링 및 계도
590,의창구,팔용동 7,0.0,0.3,0.2,낮음,11시,일반 모니터링 및 계도
591,의창구,용동 87-1,0.0,0.3,0.2,낮음,1시,일반 모니터링 및 계도
592,의창구,명서동 505-37,0.0,0.3,0.2,낮음,21시,일반 모니터링 및 계도
593,의창구,명서동 206-1,0.0,0.1,0.2,낮음,20시,일반 모니터링 및 계도
594,의창구,팔용동 팔용로407번길,0.0,0.1,0.2,낮음,9시,일반 모니터링 및 계도
595,의창구,명서동 175-11,0.0,0.1,0.2,낮음,13시,일반 모니터링 및 계도
596,의창구,소계동 금강교주변,0.0,0.3,0.2,낮음,16시,일반 모니터링 및 계도
597,의창구,팔용동 40-5,0.0,0.3,0.2,낮음,9시,일반 모니터링 및 계도
598,의창구,팔용동 창원대로397번길,0.0,0.3,0.2,낮음,10시,일반 모니터링 및 계도
599,의창구,봉림동 683,0.0,0.3,0.2,낮음,13시,일반 모니터링 및 계도
600,의창구,명서동 명지로115번길,0.0,0.1,0.2,낮음,10시,일반 모니터링 및 계도
601,의창구,서상동 601-7,0.0,0.3,0.2,낮음,13시,일반 모니터링 및 계도
602,의창구,팔용동 514-11,0.0,0.3,0.2,낮음,10시,일반 모니터링 및 계도
603,의창구,소답동 167,0.0,0.3,0.2,낮음,16시,일반 모니터링 및 계도
604,의창구,서상동 3-1,0.0,0.3,0.2,낮음,13시,일반 모니터링 및 계도
605,의창구,명서동 명지로121번길,0.0,0.3,0.2,낮음,16시,일반 모니터링 및 계도
606,의창구,명서동 502-6,0.0,0.3,0.2,낮음,12시,일반 모니터링 및 계도
607,의창구,도계동 양지주유소,0.0,0.3,0.2,낮음,14시,일반 모니터링 및 계도
608,의창구,팔용동 532-1,0.0,0.3,0.2,낮음,8시,일반 모니터링 및 계도
609,의창구,팔용동 42-20,0.0,0.3,0.2,낮음,10시,일반 모니터링 및 계도
610,의창구,명서동 505-35,0.0,0.3,0.2,낮음,23시,일반 모니터링 및 계도
611,의창구,명서동 202-4,0.0,0.3,0.2,낮음,17시,일반 모니터링 및 계도
612,의창구,팔용동 103-1,0.0,0.3,0.2,낮음,14시,일반 모니터링 및 계도
613,의창구,도계동 453,0.0,0.1,0.2,낮음,19시,일반 모니터링 및 계도
614,의창구,봉곡동 502-3,0.0,0.1,0.2,낮음,10시,일반 모니터링 및 계도
615,의창구,사림동 103-7,0.0,0.3,0.2,낮음,17시,일반 모니터링 및 계도
616,의창구,서상동 603-2,0.0,0.3,0.2,낮음,9시,일반 모니터링 및 계도
617,의창구,도계동 913-4,0.0,0.3,0.2,낮음,15시,일반 모니터링 및 계도
618,의창구,퇴촌동 산 28,0.0,0.3,0.2,낮음,14시,일반 모니터링 및 계도
619,의창구,봉림동 703,0.0,0.3,0.2,낮음,12시,일반 모니터링 및 계도
620,의창구,동읍 용잠리 211-2,0.0,0.3,0.2,낮음,16시,일반 모니터링 및 계도
621,의창구,팔용동 514-5,0.0,0.3,0.1,낮음,2시,일반 모니터링 및 계도
622,의창구,도계동 357-1,0.0,0.3,0.1,낮음,17시,일반 모니터링 및 계도
623,의창구,봉곡동 136-11,0.0,0.2,0.1,낮음,12시,일반 모니터링 및 계도
624,의창구,서상동 685-8,0.0,0.3,0.1,낮음,2시,일반 모니터링 및 계도
625,의창구,서상동 688-5,0.0,0.3,0.1,낮음,21시,일반 모니터링 및 계도
626,의창구,서상동 651-20,0.0,0.1,0.1,낮음,1시,일반 모니터링 및 계도
627,의창구,봉곡동 138-1,0.0,0.3,0.1,낮음,15시,일반 모니터링 및 계도
628,의창구,팔용동 10,0.0,0.3,0.1,낮음,11시,일반 모니터링 및 계도
629,의창구,팔용동 532-2,0.0,0.3,0.1,낮음,11시,일반 모니터링 및 계도
630,의창구,중동 한살림 주변,0.0,0.3,0.1,낮음,9시,일반 모니터링 및 계도
631,의창구,북면 무동리 149-1,0.0,0.3,0.1,낮음,9시,일반 모니터링 및 계도
632,의창구,도계동 396-19,0.0,0.1,0.1,낮음,17시,일반 모니터링 및 계도
633,의창구,명서동 103-21,0.0,0.3,0.1,낮음,7시,일반 모니터링 및 계도
634,의창구,중동 777,0.0,0.3,0.1,낮음,20시,일반 모니터링 및 계도
635,의창구,북동 260-1,0.0,0.3,0.1,낮음,15시,일반 모니터링 및 계도
636,의창구,사림동 168-2,0.0,0.3,0.1,낮음,14시,일반 모니터링 및 계도
637,의창구,용동 335-3,0.0,0.3,0.1,낮음,10시,일반 모니터링 및 계도
638,의창구,서상동 313-12,0.0,0.3,0.1,낮음,7시,일반 모니터링 및 계도
639,의창구,팔용동 530-4,0.0,0.3,0.1,낮음,10시,일반 모니터링 및 계도
640,의창구,동읍 용잠리 1161,0.0,0.2,0.1,낮음,14시,일반 모니터링 및 계도
641,의창구,도계동 319-2,0.0,0.3,0.1,낮음,8시,일반 모니터링 및 계도
642,의창구,북면 동전리 713-5,0.0,0.1,0.1,낮음,19시,일반 모니터링 및 계도
643,의창구,북면 무동리 169,0.0,0.1,0.1,낮음,10시,일반 모니터링 및 계도
644,의창구,팔용동 도계로60번길,0.0,0.1,0.1,낮음,13시,일반 모니터링 및 계도
645,의창구,팔용동 68,0.0,0.1,0.1,낮음,14시,일반 모니터링 및 계도
646,의창구,팔용동 210-1,0.0,0.3,0.1,낮음,16시,일반 모니터링 및 계도
647,의창구,사림동 7-8,0.0,0.3,0.1,낮음,13시,일반 모니터링 및 계도
648,의창구,명서동 505-16,0.0,0.3,0.1,낮음,22시,일반 모니터링 및 계도
649,의창구,서상동 읍성로17번길,0.0,0.3,0.1,낮음,10시,일반 모니터링 및 계도
650,의창구,팔용동 사화로116번길,0.0,0.3,0.1,낮음,7시,일반 모니터링 및 계도
651,의창구,명서동 202-1,0.0,0.2,0.1,낮음,10시,일반 모니터링 및 계도
652,의창구,소계동 468-1,0.0,0.3,0.1,낮음,9시,일반 모니터링 및 계도
653,의창구,소계동 2-2,0.0,0.3,0.1,낮음,17시,일반 모니터링 및 계도
654,의창구,명서동 502-2,0.0,0.1,0.1,낮음,21시,일반 모니터링 및 계도
655,의창구,팔용동 500-1,0.0,0.2,0.1,낮음,12시,일반 모니터링 및 계도
656,의창구,북면 감계리 1399,0.0,0.3,0.1,낮음,0시,일반 모니터링 및 계도
657,의창구,팔용동 39-15,0.0,0.3,0.1,낮음,8시,일반 모니터링 및 계도
658,의창구,봉곡동 120-10,0.0,0.1,0.1,낮음,3시,일반 모니터링 및 계도
659,의창구,북면 동전리 709-3,0.0,0.3,0.1,낮음,17시,일반 모니터링 및 계도
660,의창구,봉곡동 다원찜  주변,0.0,0.3,0.1,낮음,13시,일반 모니터링 및 계도
661,의창구,팔용동 동서식품 주변,0.0,0.3,0.1,낮음,10시,일반 모니터링 및 계도
662,의창구,도계동 도계로50번길,0.0,0.3,0.1,낮음,20시,일반 모니터링 및 계도
663,의창구,동정동 320-1,0.0,0.2,0.1,낮음,19시,일반 모니터링 및 계도
664,의창구,팔용동 42-22,0.0,0.3,0.1,낮음,10시,일반 모니터링 및 계도
665,의창구,대산면 제동리 267-2,0.0,0.3,0.1,낮음,8시,일반 모니터링 및 계도
666,의창구,소계동 GS25편의점 주변,0.0,0.3,0.1,낮음,9시,일반 모니터링 및 계도
667,의창구,팔용동 501-4,0.0,0.3,0.1,낮음,7시,일반 모니터링 및 계도
668,의창구,팔용동 525-4,0.0,0.3,0.1,낮음,10시,일반 모니터링 및 계도
669,의창구,소답동 168,0.0,0.1,0.1,낮음,7시,일반 모니터링 및 계도
670,의창구,도계동 328-1,0.0,0.1,0.1,낮음,22시,일반 모니터링 및 계도
671,의창구,봉림동 702-1,0.0,0.1,0.1,낮음,12시,일반 모니터링 및 계도
672,의창구,북면 동전리 716-7,0.0,0.1,0.1,낮음,12시,일반 모니터링 및 계도
673,의창구,도계동 318-1,0.0,0.2,0.1,낮음,6시,일반 모니터링 및 계도
674,의창구,봉림동 791-18,0.0,0.3,0.1,낮음,14시,일반 모니터링 및 계도
675,의창구,봉림동 715,0.0,0.3,0.1,낮음,2시,일반 모니터링 및 계도
676,의창구,동읍 용잠리 250-3,0.0,0.3,0.1,낮음,5시,일반 모니터링 및 계도
677,의창구,소계동 130-88,0.0,0.1,0.1,낮음,16시,일반 모니터링 및 계도
678,의창구,팔용동 반계로56번길,0.0,0.1,0.1,낮음,10시,일반 모니터링 및 계도
679,의창구,서상동 의안로43번길,0.0,0.3,0.1,낮음,10시,일반 모니터링 및 계도
680,의창구,도계동 신협 주변,0.0,0.1,0.1,낮음,19시,일반 모니터링 및 계도
681,의창구,동정동 936-5,0.0,0.1,0.1,낮음,6시,일반 모니터링 및 계도
682,의창구,서상동 403-1,0.0,0.1,0.1,낮음,5시,일반 모니터링 및 계도
683,의창구,용동 353-7,0.0,0.1,0.1,낮음,9시,일반 모니터링 및 계도
684,의창구,중동 조은빌 주변,0.0,0.1,0.1,낮음,10시,일반 모니터링 및 계도
685,의창구,도계동 409-4,0.0,0.3,0.1,낮음,19시,일반 모니터링 및 계도
686,의창구,사림동 514,0.0,0.3,0.1,낮음,20시,일반 모니터링 및 계도
687,의창구,사림동 501-13,0.0,0.3,0.1,낮음,16시,일반 모니터링 및 계도
688,의창구,팔용동 162-3,0.0,0.3,0.1,낮음,16시,일반 모니터링 및 계도
689,의창구,도계동 435,0.0,0.3,0.1,낮음,8시,일반 모니터링 및 계도
690,의창구,명곡동센트럴타워주변,0.0,0.3,0.1,낮음,11시,일반 모니터링 및 계도
691,의창구,팔용동 정일주유소 주변,0.0,0.3,0.1,낮음,10시,일반 모니터링 및 계도
692,의창구,중동 446-2,0.0,0.3,0.1,낮음,16시,일반 모니터링 및 계도
693,의창구,중동 어부네코다리 주변,0.0,0.3,0.1,낮음,10시,일반 모니터링 및 계도
694,의창구,사림동 창이대로413번길,0.0,0.3,0.1,낮음,16시,일반 모니터링 및 계도
695,의창구,봉림동 697-3,0.0,0.3,0.1,낮음,12시,일반 모니터링 및 계도
696,의창구,봉림동 712-5,0.0,0.3,0.1,낮음,18시,일반 모니터링 및 계도
697,의창구,도계동 412-7,0.0,0.3,0.1,낮음,11시,일반 모니터링 및 계도
698,의창구,봉림동 791-58,0.0,0.3,0.1,낮음,11시,일반 모니터링 및 계도
699,의창구,용동 산 8-4,0.0,0.1,0.1,낮음,13시,일반 모니터링 및 계도
700,의창구,팔용동 74,0.0,0.3,0.1,낮음,7시,일반 모니터링 및 계도
701,의창구,북면 감계리 29-41,0.0,0.3,0.1,낮음,12시,일반 모니터링 및 계도
702,의창구,서상동 577-1,0.0,0.3,0.1,낮음,10시,일반 모니터링 및 계도
703,의창구,봉림동 791-62,0.0,0.3,0.1,낮음,13시,일반 모니터링 및 계도
704,의창구,중동 750,0.0,0.3,0.1,낮음,11시,일반 모니터링 및 계도
705,의창구,봉곡동 169-1,0.0,0.3,0.1,낮음,4시,일반 모니터링 및 계도
706,의창구,봉림동 714,0.0,0.3,0.1,낮음,1시,일반 모니터링 및 계도
707,의창구,사림동 102,0.0,0.3,0.1,낮음,18시,일반 모니터링 및 계도
708,의창구,사림동 103-9,0.0,0.3,0.1,낮음,15시,일반 모니터링 및 계도
709,의창구,명곡동 419-7,0.0,0.3,0.1,낮음,11시,일반 모니터링 및 계도
710,의창구,봉림동 712-2,0.0,0.3,0.1,낮음,20시,일반 모니터링 및 계도
711,의창구,봉림동 713-5,0.0,0.3,0.1,낮음,9시,일반 모니터링 및 계도
712,의창구,북면 감계리 727-1,0.0,0.3,0.1,낮음,10시,일반 모니터링 및 계도
713,의창구,소계동 756,0.0,0.3,0.1,낮음,0시,일반 모니터링 및 계도
714,의창구,용동 67-1,0.0,0.1,0.1,낮음,15시,일반 모니터링 및 계도
715,의창구,도계동 333-14,0.0,0.3,0.1,낮음,8시,일반 모니터링 및 계도
716,의창구,사림동 164-1,0.0,0.3,0.1,낮음,10시,일반 모니터링 및 계도
717,의창구,사림동 2-1,0.0,0.3,0.1,낮음,12시,일반 모니터링 및 계도
718,의창구,팔용동 147,0.0,0.3,0.1,낮음,13시,일반 모니터링 및 계도
719,의창구,북면 감계리 709-2,0.0,0.3,0.1,낮음,12시,일반 모니터링 및 계도
720,의창구,북면 무동리 167-1,0.0,0.3,0.1,낮음,9시,일반 모니터링 및 계도
721,의창구,사림동 140-8,0.0,0.3,0.1,낮음,9시,일반 모니터링 및 계도
722,의창구,사림동 501-29,0.0,0.3,0.1,낮음,8시,일반 모니터링 및 계도
723,의창구,팔용동 12-3,0.0,0.3,0.1,낮음,12시,일반 모니터링 및 계도
724,의창구,팔용동 13-4,0.0,0.3,0.1,낮음,14시,일반 모니터링 및 계도
725,의창구,북동 46-4,0.0,0.1,0.1,낮음,23시,일반 모니터링 및 계도
726,의창구,도계동 도계부부시장 주변,0.0,0.3,0.1,낮음,18시,일반 모니터링 및 계도
727,의창구,도계동 화목그린타워 주변,0.0,0.3,0.1,낮음,15시,일반 모니터링 및 계도
728,의창구,중동 448-1,0.0,0.3,0.1,낮음,12시,일반 모니터링 및 계도
729,의창구,중동 765-2,0.0,0.3,0.1,낮음,12시,일반 모니터링 및 계도
730,의창구,대산면 가술리 708-12,0.0,0.3,0.1,낮음,8시,일반 모니터링 및 계도
731,의창구,명서동 184-19,0.0,0.3,0.1,낮음,8시,일반 모니터링 및 계도
732,의창구,팔용동 532-6,0.0,0.3,0.1,낮음,17시,일반 모니터링 및 계도
733,의창구,팔용동 67,0.0,0.3,0.1,낮음,17시,일반 모니터링 및 계도
734,의창구,서상동 591-1,0.0,0.3,0.1,낮음,11시,일반 모니터링 및 계도
735,의창구,팔용동 34-10,0.0,0.3,0.1,낮음,9시,일반 모니터링 및 계도
736,의창구,북면 감계리 162-1,0.0,0.1,0.1,낮음,13시,일반 모니터링 및 계도
737,의창구,도계동 청호아파트 주변,0.0,0.3,0.1,낮음,10시,일반 모니터링 및 계도
738,의창구,동읍 용잠리 394-7,0.0,0.3,0.1,낮음,8시,일반 모니터링 및 계도
739,의창구,소계동 390-1,0.0,0.3,0.1,낮음,20시,일반 모니터링 및 계도
740,의창구,소계동 708-21,0.0,0.3,0.1,낮음,7시,일반 모니터링 및 계도
741,의창구,명서동 199-1,0.0,0.3,0.1,낮음,13시,일반 모니터링 및 계도
742,의창구,서상동 666-6,0.0,0.3,0.1,낮음,9시,일반 모니터링 및 계도
743,의창구,팔용동 대창판넬 주변,0.0,0.3,0.1,낮음,10시,일반 모니터링 및 계도
744,의창구,팔용동 삼현 주변,0.0,0.3,0.1,낮음,10시,일반 모니터링 및 계도
745,의창구,팔용동 코로지스(주) 주변,0.0,0.3,0.1,낮음,10시,일반 모니터링 및 계도
746,의창구,봉곡동 62-11,0.0,0.3,0.1,낮음,20시,일반 모니터링 및 계도
747,의창구,중동 760-5,0.0,0.3,0.1,낮음,11시,일반 모니터링 및 계도
748,의창구,팔용동 34-7,0.0,0.3,0.1,낮음,0시,일반 모니터링 및 계도
749,의창구,팔용동 44-4,0.0,0.3,0.1,낮음,8시,일반 모니터링 및 계도
750,의창구,팔용동 맥도날드 주변,0.0,0.3,0.1,낮음,15시,일반 모니터링 및 계도
751,의창구,명서동 199-2,0.0,0.3,0.1,낮음,7시,일반 모니터링 및 계도
752,의창구,명서동 505-21,0.0,0.3,0.1,낮음,12시,일반 모니터링 및 계도
753,의창구,소답동 313-2,0.0,0.3,0.1,낮음,1시,일반 모니터링 및 계도
754,의창구,중동 406-1,0.0,0.3,0.1,낮음,14시,일반 모니터링 및 계도
755,의창구,도계동 466,0.0,0.3,0.1,낮음,20시,일반 모니터링 및 계도
756,의창구,서상동 591-16,0.0,0.3,0.1,낮음,12시,일반 모니터링 및 계도
757,의창구,서상동 600-7,0.0,0.3,0.1,낮음,12시,일반 모니터링 및 계도
758,의창구,팔용동 530-2,0.0,0.3,0.1,낮음,19시,일반 모니터링 및 계도
759,의창구,도계동 원흥사 주변,0.0,0.3,0.1,낮음,20시,일반 모니터링 및 계도
760,의창구,봉림동 피닉스포레 주변,0.0,0.3,0.1,낮음,20시,일반 모니터링 및 계도
761,의창구,북면 감계리 238-8,0.0,0.3,0.1,낮음,15시,일반 모니터링 및 계도
762,의창구,중동 795-8,0.0,0.3,0.1,낮음,10시,일반 모니터링 및 계도
763,의창구,팔용동 태웅 주변,0.0,0.3,0.1,낮음,10시,일반 모니터링 및 계도
764,의창구,팔용동 테크노밸리  주변,0.0,0.3,0.1,낮음,10시,일반 모니터링 및 계도
765,의창구,용동 sm비즈타운 주변,0.0,0.3,0.1,낮음,14시,일반 모니터링 및 계도
766,의창구,중동 511-1,0.0,0.3,0.1,낮음,15시,일반 모니터링 및 계도
767,의창구,소계동 713-4,0.0,0.3,0.1,낮음,21시,일반 모니터링 및 계도
768,의창구,도계동 오꾸닭 주변,0.0,0.3,0.1,낮음,13시,일반 모니터링 및 계도
769,의창구,팔용동 22-17,0.0,0.3,0.1,낮음,18시,일반 모니터링 및 계도
770,의창구,팔용동 영동테크 주변,0.0,0.3,0.1,낮음,10시,일반 모니터링 및 계도
771,의창구,봉곡동 165-10,0.0,0.3,0.1,낮음,12시,일반 모니터링 및 계도
772,의창구,소계동 745,0.0,0.3,0.1,낮음,18시,일반 모니터링 및 계도
773,의창구,팔용동 187-11,0.0,0.3,0.1,낮음,20시,일반 모니터링 및 계도
774,의창구,사림동 25,0.0,0.3,0.1,낮음,11시,일반 모니터링 및 계도
775,의창구,서상동 715-1,0.0,0.3,0.1,낮음,7시,일반 모니터링 및 계도
776,의창구,명서동 31-2,0.0,0.3,0.1,낮음,13시,일반 모니터링 및 계도
777,의창구,봉림동 702-6,0.0,0.3,0.1,낮음,11시,일반 모니터링 및 계도
778,의창구,중동 어부네코다리주변 주변,0.0,0.3,0.1,낮음,9시,일반 모니터링 및 계도
779,의창구,팔용동 사화로9번길,0.0,0.3,0.1,낮음,17시,일반 모니터링 및 계도
780,의창구,봉곡동 명곡지하도 주변,0.0,0.3,0.1,낮음,20시,일반 모니터링 및 계도
781,의창구,중동 775-7,0.0,0.3,0.1,낮음,10시,일반 모니터링 및 계도
782,의창구,대산면 제동리 826-6,0.0,0.3,0.1,낮음,10시,일반 모니터링 및 계도
783,의창구,도계동 278-4,0.0,0.3,0.1,낮음,14시,일반 모니터링 및 계도
784,의창구,도계동 438,0.0,0.3,0.1,낮음,18시,일반 모니터링 및 계도
785,의창구,봉곡동 175-10,0.0,0.3,0.1,낮음,18시,일반 모니터링 및 계도
786,의창구,봉곡동 175-11,0.0,0.3,0.1,낮음,14시,일반 모니터링 및 계도
787,의창구,봉곡동 175-22,0.0,0.3,0.1,낮음,18시,일반 모니터링 및 계도
788,의창구,봉곡동 175-23,0.0,0.3,0.1,낮음,18시,일반 모니터링 및 계도
789,의창구,서상동 309-8,0.0,0.3,0.1,낮음,9시,일반 모니터링 및 계도
790,의창구,서상동 601-1,0.0,0.3,0.1,낮음,10시,일반 모니터링 및 계도
791,의창구,소답동 의안로,0.0,0.1,0.1,낮음,10시,일반 모니터링 및 계도
792,의창구,중동 755-1,0.0,0.3,0.1,낮음,15시,일반 모니터링 및 계도
793,의창구,팔용동 60-10,0.0,0.3,0.1,낮음,9시,일반 모니터링 및 계도
794,의창구,팔용동 공영주차장 주변,0.0,0.3,0.1,낮음,16시,일반 모니터링 및 계도
795,의창구,도계동 367-4,0.0,0.3,0.1,낮음,1시,일반 모니터링 및 계도
796,의창구,봉곡동 61-3,0.0,0.3,0.1,낮음,12시,일반 모니터링 및 계도
797,의창구,봉림동 702-5,0.0,0.3,0.1,낮음,11시,일반 모니터링 및 계도
798,의창구,사림동 149-18,0.0,0.3,0.1,낮음,8시,일반 모니터링 및 계도
799,의창구,사림동 169,0.0,0.3,0.1,낮음,11시,일반 모니터링 및 계도
800,의창구,팔용동 코로지스 주변,0.0,0.3,0.1,낮음,10시,일반 모니터링 및 계도
801,의창구,도계동 396-1,0.0,0.3,0.1,낮음,16시,일반 모니터링 및 계도
802,의창구,서상동 337-1,0.0,0.3,0.1,낮음,14시,일반 모니터링 및 계도
803,의창구,도계동 315-2,0.0,0.3,0.1,낮음,2시,일반 모니터링 및 계도
804,의창구,봉곡동 180-6,0.0,0.3,0.1,낮음,2시,일반 모니터링 및 계도
805,의창구,북동 14-1,0.0,0.3,0.1,낮음,11시,일반 모니터링 및 계도
806,의창구,봉곡동 501-2,0.0,0.3,0.1,낮음,16시,일반 모니터링 및 계도
807,의창구,팔용동 61-19,0.0,0.3,0.1,낮음,11시,일반 모니터링 및 계도
808,의창구,팔용동 신화테크노밸리 주변,0.0,0.3,0.1,낮음,13시,일반 모니터링 및 계도
809,의창구,도계동 325-6,0.0,0.3,0.1,낮음,19시,일반 모니터링 및 계도
810,의창구,봉림동 791-43,0.0,0.3,0.1,낮음,4시,일반 모니터링 및 계도
811,의창구,중동 512-1,0.0,0.3,0.1,낮음,13시,일반 모니터링 및 계도
812,의창구,도계동 910-3,0.0,0.3,0.1,낮음,10시,일반 모니터링 및 계도
813,의창구,명서동 502-4,0.0,0.3,0.1,낮음,19시,일반 모니터링 및 계도
814,의창구,사림동 106-9,0.0,0.3,0.1,낮음,14시,일반 모니터링 및 계도
815,의창구,사림동 168-1,0.0,0.3,0.1,낮음,14시,일반 모니터링 및 계도
816,의창구,사림동 501-16,0.0,0.3,0.1,낮음,12시,일반 모니터링 및 계도
817,의창구,서상동 309-9,0.0,0.3,0.1,낮음,13시,일반 모니터링 및 계도
818,의창구,서상동 310-1,0.0,0.3,0.1,낮음,12시,일반 모니터링 및 계도
819,의창구,서상동 571-3,0.0,0.3,0.1,낮음,18시,일반 모니터링 및 계도
820,의창구,봉곡동 61-1,0.0,0.3,0.1,낮음,12시,일반 모니터링 및 계도
821,의창구,봉림동 708-3,0.0,0.3,0.1,낮음,12시,일반 모니터링 및 계도
822,의창구,사림동 501-26,0.0,0.3,0.1,낮음,6시,일반 모니터링 및 계도
823,의창구,소답동 128-13,0.0,0.3,0.1,낮음,22시,일반 모니터링 및 계도
824,의창구,봉곡동 503-11,0.0,0.3,0.1,낮음,19시,일반 모니터링 및 계도
825,의창구,팔용동 34-16,0.0,0.3,0.1,낮음,9시,일반 모니터링 및 계도
826,의창구,서상동 305-1,0.0,0.3,0.1,낮음,17시,일반 모니터링 및 계도
827,의창구,도계동 429,0.0,0.3,0.1,낮음,7시,일반 모니터링 및 계도
828,의창구,소계동 714-8,0.0,0.3,0.1,낮음,20시,일반 모니터링 및 계도
829,의창구,차용동 301-6,0.0,0.3,0.1,낮음,8시,일반 모니터링 및 계도
830,의창구,봉림동 712-6,0.0,0.3,0.1,낮음,17시,일반 모니터링 및 계도
831,의창구,서상동 636-3,0.0,0.3,0.1,낮음,6시,일반 모니터링 및 계도
832,의창구,중동 795-4,0.0,0.3,0.1,낮음,10시,일반 모니터링 및 계도
833,의창구,도계동 353-1,0.0,0.3,0.1,낮음,4시,일반 모니터링 및 계도
834,의창구,도계동 하남천서길9번길,0.0,0.3,0.1,낮음,9시,일반 모니터링 및 계도
835,의창구,명서동 505-31,0.0,0.3,0.1,낮음,17시,일반 모니터링 및 계도
836,의창구,소계동 116-8,0.0,0.3,0.1,낮음,8시,일반 모니터링 및 계도
837,의창구,소답동 161,0.0,0.3,0.1,낮음,15시,일반 모니터링 및 계도
838,의창구,팔용동 40-3,0.0,0.3,0.1,낮음,13시,일반 모니터링 및 계도
839,의창구,동정동 창원육교 주변,0.0,0.3,0.1,낮음,10시,일반 모니터링 및 계도
840,의창구,명서동 166-1,0.0,0.3,0.1,낮음,18시,일반 모니터링 및 계도
841,의창구,사림동 103-16,0.0,0.3,0.1,낮음,13시,일반 모니터링 및 계도
842,의창구,사림동 105-19,0.0,0.3,0.1,낮음,19시,일반 모니터링 및 계도
843,의창구,사림동 105-20,0.0,0.3,0.1,낮음,19시,일반 모니터링 및 계도
844,의창구,소계동 908-15,0.0,0.3,0.1,낮음,7시,일반 모니터링 및 계도
845,의창구,팔용동 161-1,0.0,0.3,0.1,낮음,2시,일반 모니터링 및 계도
846,의창구,팔용동 533-4,0.0,0.3,0.1,낮음,11시,일반 모니터링 및 계도
847,의창구,팔용동 기업은행 주변,0.0,0.1,0.1,낮음,17시,일반 모니터링 및 계도
848,의창구,봉곡동 502-18,0.0,0.3,0.1,낮음,17시,일반 모니터링 및 계도
849,의창구,중동 779-2,0.0,0.3,0.1,낮음,11시,일반 모니터링 및 계도
850,의창구,팔용동 182,0.0,0.3,0.1,낮음,22시,일반 모니터링 및 계도
851,의창구,서상동 234-13,0.0,0.3,0.1,낮음,13시,일반 모니터링 및 계도
852,의창구,봉곡동 503-4,0.0,0.3,0.1,낮음,11시,일반 모니터링 및 계도
853,의창구,서상동 719-3,0.0,0.3,0.1,낮음,5시,일반 모니터링 및 계도
854,의창구,도계동 396-11,0.0,0.3,0.1,낮음,11시,일반 모니터링 및 계도
855,의창구,북동 20,0.0,0.3,0.1,낮음,15시,일반 모니터링 및 계도
856,의창구,도계동 대남상가 주변,0.0,0.3,0.1,낮음,14시,일반 모니터링 및 계도
857,의창구,명서동 151-8,0.0,0.3,0.1,낮음,16시,일반 모니터링 및 계도
858,의창구,사림동 1-2,0.0,0.3,0.1,낮음,10시,일반 모니터링 및 계도
859,의창구,소답동 132-9,0.0,0.3,0.1,낮음,12시,일반 모니터링 및 계도
860,의창구,팔용동 39-10,0.0,0.3,0.1,낮음,8시,일반 모니터링 및 계도
861,의창구,팔용동 44-1,0.0,0.3,0.1,낮음,12시,일반 모니터링 및 계도
862,의창구,봉곡동 34-2,0.0,0.3,0.1,낮음,11시,일반 모니터링 및 계도
863,의창구,서상동 8-8,0.0,0.3,0.1,낮음,14시,일반 모니터링 및 계도
864,의창구,팔용동 528-5,0.0,0.3,0.1,낮음,13시,일반 모니터링 및 계도
865,의창구,팔용동 532-9,0.0,0.3,0.1,낮음,12시,일반 모니터링 및 계도
866,의창구,중동 739-17,0.0,0.3,0.1,낮음,13시,일반 모니터링 및 계도
867,의창구,봉곡동 34-1,0.0,0.3,0.1,낮음,19시,일반 모니터링 및 계도
868,의창구,봉곡동 511-13,0.0,0.3,0.1,낮음,21시,일반 모니터링 및 계도
869,의창구,북면 금탑빌 주변,0.0,0.3,0.1,낮음,9시,일반 모니터링 및 계도
870,의창구,팔용동 522-5,0.0,0.3,0.1,낮음,8시,일반 모니터링 및 계도
871,의창구,봉곡동 513-6,0.0,0.3,0.1,낮음,18시,일반 모니터링 및 계도
872,의창구,차용동 10-6,0.0,0.3,0.1,낮음,10시,일반 모니터링 및 계도
873,의창구,도계동 대남상가,0.0,0.3,0.1,낮음,8시,일반 모니터링 및 계도
874,의창구,명서동 170-11,0.0,0.3,0.1,낮음,16시,일반 모니터링 및 계도
875,의창구,명서동 199-4,0.0,0.3,0.1,낮음,7시,일반 모니터링 및 계도
876,의창구,북면 감계리 725,0.0,0.3,0.1,낮음,15시,일반 모니터링 및 계도
877,의창구,소계동 746,0.0,0.3,0.1,낮음,0시,일반 모니터링 및 계도
878,의창구,팔용동 56-2,0.0,0.3,0.1,낮음,10시,일반 모니터링 및 계도
879,의창구,대산면 제동리 824-2,0.0,0.3,0.1,낮음,12시,일반 모니터링 및 계도
880,의창구,도계동 도계시장 주변,0.0,0.3,0.1,낮음,20시,일반 모니터링 및 계도
881,의창구,봉곡동 502-32,0.0,0.3,0.1,낮음,6시,일반 모니터링 및 계도
882,의창구,중동 776-7,0.0,0.3,0.1,낮음,13시,일반 모니터링 및 계도
883,의창구,팔용동 32-4,0.0,0.3,0.1,낮음,16시,일반 모니터링 및 계도
884,의창구,사림동 165-4,0.0,0.3,0.1,낮음,12시,일반 모니터링 및 계도
885,의창구,팔용동 공영화물주차장 주변,0.0,0.3,0.1,낮음,10시,일반 모니터링 및 계도
886,의창구,명서동 505-17,0.0,0.3,0.1,낮음,17시,일반 모니터링 및 계도
887,의창구,서상동 305-5,0.0,0.3,0.1,낮음,16시,일반 모니터링 및 계도
888,의창구,팔용동 161-5,0.0,0.3,0.1,낮음,13시,일반 모니터링 및 계도
889,의창구,팔용동 35-8,0.0,0.3,0.1,낮음,1시,일반 모니터링 및 계도
890,의창구,팔용동 514-15,0.0,0.3,0.1,낮음,17시,일반 모니터링 및 계도
891,의창구,북면 무동리 173,0.0,0.3,0.1,낮음,7시,일반 모니터링 및 계도
892,의창구,소계동 717-35,0.0,0.3,0.1,낮음,9시,일반 모니터링 및 계도
893,의창구,서상동 읍성로,0.0,0.1,0.1,낮음,14시,일반 모니터링 및 계도
894,의창구,도계동 346-1,0.0,0.3,0.1,낮음,19시,일반 모니터링 및 계도
895,의창구,중동 480-1,0.0,0.3,0.1,낮음,19시,일반 모니터링 및 계도
896,의창구,팔용동 20-23,0.0,0.3,0.1,낮음,11시,일반 모니터링 및 계도
897,의창구,팔용동 23-1,0.0,0.3,0.1,낮음,9시,일반 모니터링 및 계도
898,의창구,사림동 165-3,0.0,0.3,0.1,낮음,12시,일반 모니터링 및 계도
899,의창구,용동 349-4,0.0,0.3,0.1,낮음,10시,일반 모니터링 및 계도
900,의창구,도계동 308-9,0.0,0.3,0.1,낮음,13시,일반 모니터링 및 계도
901,의창구,도계동 400-3,0.0,0.3,0.1,낮음,14시,일반 모니터링 및 계도
902,의창구,도계동 408-1,0.0,0.3,0.1,낮음,9시,일반 모니터링 및 계도
903,의창구,명서동 200-6,0.0,0.3,0.1,낮음,17시,일반 모니터링 및 계도
904,의창구,소답동 산 11-3,0.0,0.3,0.1,낮음,16시,일반 모니터링 및 계도
905,의창구,중동 499-1,0.0,0.3,0.1,낮음,10시,일반 모니터링 및 계도
906,의창구,봉곡동 175-14,0.0,0.3,0.1,낮음,18시,일반 모니터링 및 계도
907,의창구,봉곡동 175-19,0.0,0.3,0.1,낮음,18시,일반 모니터링 및 계도
908,의창구,서상동 450-2,0.0,0.3,0.1,낮음,21시,일반 모니터링 및 계도
909,의창구,서상동 591-12,0.0,0.3,0.1,낮음,17시,일반 모니터링 및 계도
910,의창구,대산면 가술리 706-1,0.0,0.3,0.1,낮음,12시,일반 모니터링 및 계도
911,의창구,북동 268,0.0,0.1,0.1,낮음,17시,일반 모니터링 및 계도
912,의창구,사림동 114-1,0.0,0.3,0.1,낮음,16시,일반 모니터링 및 계도
913,의창구,팔용동 102-10,0.0,0.3,0.1,낮음,20시,일반 모니터링 및 계도
914,의창구,도계동 915-7,0.0,0.3,0.1,낮음,11시,일반 모니터링 및 계도
915,의창구,도계동 파도소리 주변,0.0,0.3,0.1,낮음,20시,일반 모니터링 및 계도
916,의창구,명서동 우곡로,0.0,0.3,0.1,낮음,13시,일반 모니터링 및 계도
917,의창구,동읍 용잠리 213-1,0.0,0.3,0.1,낮음,16시,일반 모니터링 및 계도
918,의창구,명서동 69-7,0.0,0.3,0.1,낮음,21시,일반 모니터링 및 계도
919,의창구,봉곡동 164-18,0.0,0.3,0.1,낮음,11시,일반 모니터링 및 계도
920,의창구,사림동 120,0.0,0.3,0.1,낮음,6시,일반 모니터링 및 계도
921,의창구,도계동 910-1,0.0,0.3,0.1,낮음,11시,일반 모니터링 및 계도
922,의창구,동정동 250,0.0,0.3,0.1,낮음,9시,일반 모니터링 및 계도
923,의창구,명서동 21-14,0.0,0.3,0.1,낮음,16시,일반 모니터링 및 계도
924,의창구,북면 화천농협주변,0.0,0.3,0.1,낮음,19시,일반 모니터링 및 계도
925,의창구,팔용동 190,0.0,0.3,0.1,낮음,11시,일반 모니터링 및 계도
926,의창구,팔용동 66,0.0,0.3,0.1,낮음,8시,일반 모니터링 및 계도
927,의창구,팔용동 금강기공 주변,0.0,0.3,0.1,낮음,10시,일반 모니터링 및 계도
928,의창구,도계동 태복산로,0.0,0.1,0.0,낮음,13시,일반 모니터링 및 계도
929,의창구,명서동 502-8,0.0,0.3,0.0,낮음,13시,일반 모니터링 및 계도
930,의창구,중동 다이소 주변,0.0,0.3,0.0,낮음,11시,일반 모니터링 및 계도
931,의창구,도계동 태복산로27번길,0.0,0.1,0.0,낮음,15시,일반 모니터링 및 계도
932,의창구,사림동 501-34,0.0,0.3,0.0,낮음,1시,일반 모니터링 및 계도
933,의창구,도계동 855-3,0.0,0.1,0.0,낮음,8시,일반 모니터링 및 계도
934,의창구,서상동 643-12,0.0,0.1,0.0,낮음,14시,일반 모니터링 및 계도
935,의창구,북면 STX칸1차 주변,0.0,0.1,0.0,낮음,17시,일반 모니터링 및 계도
936,의창구,명서동 502-7,0.0,0.1,0.0,낮음,14시,일반 모니터링 및 계도
937,의창구,봉곡동 33-7,0.0,0.1,0.0,낮음,15시,일반 모니터링 및 계도
938,의창구,대산면 제동리 488-25,0.0,0.0,0.0,낮음,11시,일반 모니터링 및 계도
939,의창구,대산면 제동리 826-2,0.0,0.0,0.0,낮음,12시,일반 모니터링 및 계도
940,의창구,도계동 316-1,0.0,0.0,0.0,낮음,10시,일반 모니터링 및 계도
941,의창구,도계동 360-24,0.0,0.0,0.0,낮음,8시,일반 모니터링 및 계도
942,의창구,도계동 360-28,0.0,0.0,0.0,낮음,16시,일반 모니터링 및 계도
943,의창구,도계동 366-10,0.0,0.0,0.0,낮음,10시,일반 모니터링 및 계도
944,의창구,도계동 366-9,0.0,0.0,0.0,낮음,10시,일반 모니터링 및 계도
945,의창구,도계동 367-12,0.0,0.0,0.0,낮음,6시,일반 모니터링 및 계도
946,의창구,도계동 378-9,0.0,0.0,0.0,낮음,10시,일반 모니터링 및 계도
947,의창구,도계동 389,0.0,0.0,0.0,낮음,10시,일반 모니터링 및 계도
948,의창구,도계동 401-3,0.0,0.0,0.0,낮음,21시,일반 모니터링 및 계도
949,의창구,도계동 407-8,0.0,0.0,0.0,낮음,8시,일반 모니터링 및 계도
950,의창구,도계동 408-4,0.0,0.0,0.0,낮음,16시,일반 모니터링 및 계도
951,의창구,도계동 426-1,0.0,0.0,0.0,낮음,9시,일반 모니터링 및 계도
952,의창구,도계동 530-2,0.0,0.0,0.0,낮음,10시,일반 모니터링 및 계도
953,의창구,도계동 89-4,0.0,0.0,0.0,낮음,8시,일반 모니터링 및 계도
954,의창구,도계동 912,0.0,0.0,0.0,낮음,17시,일반 모니터링 및 계도
955,의창구,도계동 도계부부시장,0.0,0.0,0.0,낮음,20시,일반 모니터링 및 계도
956,의창구,도계동 동창원농협 도계점,0.0,0.0,0.0,낮음,15시,일반 모니터링 및 계도
957,의창구,도계동 또봉이 통닭,0.0,0.0,0.0,낮음,14시,일반 모니터링 및 계도
958,의창구,도계동 아재갈비  주변,0.0,0.0,0.0,낮음,19시,일반 모니터링 및 계도
959,의창구,도계동 아제갈비 주변,0.0,0.0,0.0,낮음,19시,일반 모니터링 및 계도
960,의창구,도계동 진수성찬 한식뷔페,0.0,0.0,0.0,낮음,16시,일반 모니터링 및 계도
961,의창구,동읍 용잠2교 주변,0.0,0.0,0.0,낮음,20시,일반 모니터링 및 계도
962,의창구,동읍 용잠리 130-5,0.0,0.0,0.0,낮음,5시,일반 모니터링 및 계도
963,의창구,동읍 용잠리 366-1,0.0,0.0,0.0,낮음,11시,일반 모니터링 및 계도
964,의창구,동읍 용정리 18-28,0.0,0.0,0.0,낮음,19시,일반 모니터링 및 계도
965,의창구,명곡동 421-5,0.0,0.0,0.0,낮음,18시,일반 모니터링 및 계도
966,의창구,명서동 104-7,0.0,0.0,0.0,낮음,13시,일반 모니터링 및 계도
967,의창구,명서동 106-2,0.0,0.0,0.0,낮음,8시,일반 모니터링 및 계도
968,의창구,명서동 18-12,0.0,0.0,0.0,낮음,13시,일반 모니터링 및 계도
969,의창구,명서동 18-13,0.0,0.0,0.0,낮음,16시,일반 모니터링 및 계도
970,의창구,명서동 30,0.0,0.0,0.0,낮음,11시,일반 모니터링 및 계도
971,의창구,명서동 505-29,0.0,0.0,0.0,낮음,12시,일반 모니터링 및 계도
972,의창구,명서동 505-33,0.0,0.0,0.0,낮음,14시,일반 모니터링 및 계도
973,의창구,명서동 505-44,0.0,0.0,0.0,낮음,11시,일반 모니터링 및 계도
974,의창구,명서동 508,0.0,0.0,0.0,낮음,10시,일반 모니터링 및 계도
975,의창구,명서동 55-5,0.0,0.0,0.0,낮음,17시,일반 모니터링 및 계도
976,의창구,명서동 90-10,0.0,0.0,0.0,낮음,17시,일반 모니터링 및 계도
977,의창구,명서동 명서로107,0.0,0.0,0.0,낮음,10시,일반 모니터링 및 계도
978,의창구,명서동 명서시장,0.0,0.0,0.0,낮음,14시,일반 모니터링 및 계도
979,의창구,봉곡동 144-3,0.0,0.0,0.0,낮음,17시,일반 모니터링 및 계도
980,의창구,봉곡동 146-1,0.0,0.0,0.0,낮음,10시,일반 모니터링 및 계도
981,의창구,봉곡동 158-6,0.0,0.0,0.0,낮음,4시,일반 모니터링 및 계도
982,의창구,봉곡동 16-13,0.0,0.0,0.0,낮음,17시,일반 모니터링 및 계도
983,의창구,봉곡동 164-1,0.0,0.0,0.0,낮음,3시,일반 모니터링 및 계도
984,의창구,봉곡동 31-2,0.0,0.0,0.0,낮음,0시,일반 모니터링 및 계도
985,의창구,봉곡동 32-1,0.0,0.0,0.0,낮음,11시,일반 모니터링 및 계도
986,의창구,봉곡동 34-3,0.0,0.0,0.0,낮음,9시,일반 모니터링 및 계도
987,의창구,봉곡동 38-2,0.0,0.0,0.0,낮음,21시,일반 모니터링 및 계도
988,의창구,봉곡동 504-2,0.0,0.0,0.0,낮음,0시,일반 모니터링 및 계도
989,의창구,봉곡동 61-12,0.0,0.0,0.0,낮음,9시,일반 모니터링 및 계도
990,의창구,봉곡동 61-15,0.0,0.0,0.0,낮음,17시,일반 모니터링 및 계도
991,의창구,봉곡동 명서로129번길,0.0,0.0,0.0,낮음,14시,일반 모니터링 및 계도
992,의창구,봉곡동 상북초,0.0,0.0,0.0,낮음,14시,일반 모니터링 및 계도
993,의창구,봉림동 682,0.0,0.0,0.0,낮음,13시,일반 모니터링 및 계도
994,의창구,봉림동 709-1,0.0,0.0,0.0,낮음,12시,일반 모니터링 및 계도
995,의창구,봉림동 791-40,0.0,0.0,0.0,낮음,19시,일반 모니터링 및 계도
996,의창구,봉림동 LG 기숙사,0.0,0.0,0.0,낮음,14시,일반 모니터링 및 계도
997,의창구,북동 210-1,0.0,0.0,0.0,낮음,20시,일반 모니터링 및 계도
998,의창구,북동 260,0.0,0.0,0.0,낮음,13시,일반 모니터링 및 계도
999,의창구,북면 감계리 169-2,0.0,0.0,0.0,낮음,15시,일반 모니터링 및 계도
1000,의창구,북면 감계리 236-1,0.0,0.0,0.0,낮음,12시,일반 모니터링 및 계도
1001,의창구,북면 감계리 249-1,0.0,0.0,0.0,낮음,14시,일반 모니터링 및 계도
1002,의창구,북면 감계리 251-4,0.0,0.0,0.0,낮음,10시,일반 모니터링 및 계도
1003,의창구,북면 감계리 731-1,0.0,0.0,0.0,낮음,10시,일반 모니터링 및 계도
1004,의창구,북면 무동 우리마트 주변,0.0,0.0,0.0,낮음,17시,일반 모니터링 및 계도
1005,의창구,북면 북창원IC 주변,0.0,0.0,0.0,낮음,19시,일반 모니터링 및 계도
1006,의창구,북면 청년피자 주변,0.0,0.0,0.0,낮음,10시,일반 모니터링 및 계도
1007,의창구,북면 화천농협 주변,0.0,0.0,0.0,낮음,10시,일반 모니터링 및 계도
1008,의창구,사림동 1-12,0.0,0.0,0.0,낮음,9시,일반 모니터링 및 계도
1009,의창구,사림동 100-18,0.0,0.0,0.0,낮음,18시,일반 모니터링 및 계도
1010,의창구,사림동 100-9,0.0,0.0,0.0,낮음,20시,일반 모니터링 및 계도
1011,의창구,사림동 101-5,0.0,0.0,0.0,낮음,7시,일반 모니터링 및 계도
1012,의창구,사림동 102-1,0.0,0.0,0.0,낮음,8시,일반 모니터링 및 계도
1013,의창구,사림동 103-1,0.0,0.0,0.0,낮음,14시,일반 모니터링 및 계도
1014,의창구,사림동 103-3,0.0,0.0,0.0,낮음,0시,일반 모니터링 및 계도
1015,의창구,사림동 103-6,0.0,0.0,0.0,낮음,13시,일반 모니터링 및 계도
1016,의창구,사림동 165-14,0.0,0.0,0.0,낮음,15시,일반 모니터링 및 계도
1017,의창구,사림동 166-5,0.0,0.0,0.0,낮음,12시,일반 모니터링 및 계도
1018,의창구,사림동 501-14,0.0,0.0,0.0,낮음,10시,일반 모니터링 및 계도
1019,의창구,사림동 502-2,0.0,0.0,0.0,낮음,17시,일반 모니터링 및 계도
1020,의창구,사림동 84-18,0.0,0.0,0.0,낮음,14시,일반 모니터링 및 계도
1021,의창구,사림동 gs25 창원대점,0.0,0.0,0.0,낮음,16시,일반 모니터링 및 계도
1022,의창구,서상동 16-16,0.0,0.0,0.0,낮음,20시,일반 모니터링 및 계도
1023,의창구,서상동 603-1,0.0,0.0,0.0,낮음,15시,일반 모니터링 및 계도
1024,의창구,서상동 651-11,0.0,0.0,0.0,낮음,6시,일반 모니터링 및 계도
1025,의창구,서상동 655-19,0.0,0.0,0.0,낮음,0시,일반 모니터링 및 계도
1026,의창구,서상동 666-1,0.0,0.0,0.0,낮음,10시,일반 모니터링 및 계도
1027,의창구,서상동 673,0.0,0.0,0.0,낮음,4시,일반 모니터링 및 계도
1028,의창구,서상동 685-5,0.0,0.0,0.0,낮음,20시,일반 모니터링 및 계도
1029,의창구,서상동 691-6,0.0,0.0,0.0,낮음,5시,일반 모니터링 및 계도
1030,의창구,소계동 130-299,0.0,0.0,0.0,낮음,7시,일반 모니터링 및 계도
1031,의창구,소계동 722-1,0.0,0.0,0.0,낮음,0시,일반 모니터링 및 계도
1032,의창구,소계동 751,0.0,0.0,0.0,낮음,11시,일반 모니터링 및 계도
1033,의창구,소답동 106-4,0.0,0.0,0.0,낮음,13시,일반 모니터링 및 계도
1034,의창구,소답동 120-7,0.0,0.0,0.0,낮음,9시,일반 모니터링 및 계도
1035,의창구,소답동 121-4,0.0,0.0,0.0,낮음,13시,일반 모니터링 및 계도
1036,의창구,소답동 131-15,0.0,0.0,0.0,낮음,21시,일반 모니터링 및 계도
1037,의창구,소답동 132-17,0.0,0.0,0.0,낮음,19시,일반 모니터링 및 계도
1038,의창구,소답동 133-1,0.0,0.0,0.0,낮음,17시,일반 모니터링 및 계도
1039,의창구,소답동 143-15,0.0,0.0,0.0,낮음,19시,일반 모니터링 및 계도
1040,의창구,소답동 147-1,0.0,0.0,0.0,낮음,22시,일반 모니터링 및 계도
1041,의창구,소답동 산림조합 주변,0.0,0.0,0.0,낮음,10시,일반 모니터링 및 계도
1042,의창구,소답동 안경이야기 주변,0.0,0.0,0.0,낮음,17시,일반 모니터링 및 계도
1043,의창구,소답동 창원견과류 주변,0.0,0.0,0.0,낮음,10시,일반 모니터링 및 계도
1044,의창구,용동 337-1,0.0,0.0,0.0,낮음,19시,일반 모니터링 및 계도
1045,의창구,용동 352-3,0.0,0.0,0.0,낮음,11시,일반 모니터링 및 계도
1046,의창구,용동 산 32-9,0.0,0.0,0.0,낮음,18시,일반 모니터링 및 계도
1047,의창구,중동 738-2,0.0,0.0,0.0,낮음,0시,일반 모니터링 및 계도
1048,의창구,중동 739-33,0.0,0.0,0.0,낮음,7시,일반 모니터링 및 계도
1049,의창구,중동 742-2,0.0,0.0,0.0,낮음,9시,일반 모니터링 및 계도
1050,의창구,중동 769-7,0.0,0.0,0.0,낮음,8시,일반 모니터링 및 계도
1051,의창구,중동 772-1,0.0,0.0,0.0,낮음,19시,일반 모니터링 및 계도
1052,의창구,중동 776-5,0.0,0.0,0.0,낮음,14시,일반 모니터링 및 계도
1053,의창구,중동 776-6,0.0,0.0,0.0,낮음,12시,일반 모니터링 및 계도
1054,의창구,중동 782-1,0.0,0.0,0.0,낮음,10시,일반 모니터링 및 계도
1055,의창구,중동 미디어센터 주변 주변,0.0,0.0,0.0,낮음,10시,일반 모니터링 및 계도
1056,의창구,중동 송운상가 주변,0.0,0.0,0.0,낮음,10시,일반 모니터링 및 계도
1057,의창구,중동 중동초등학교 주변,0.0,0.0,0.0,낮음,10시,일반 모니터링 및 계도
1058,의창구,중동 한살림  주변,0.0,0.0,0.0,낮음,9시,일반 모니터링 및 계도
1059,의창구,팔용동 102-7,0.0,0.0,0.0,낮음,10시,일반 모니터링 및 계도
1060,의창구,팔용동 149-4,0.0,0.0,0.0,낮음,8시,일반 모니터링 및 계도
1061,의창구,팔용동 156-4,0.0,0.0,0.0,낮음,10시,일반 모니터링 및 계도
1062,의창구,팔용동 171-2,0.0,0.0,0.0,낮음,11시,일반 모니터링 및 계도
1063,의창구,팔용동 216,0.0,0.0,0.0,낮음,13시,일반 모니터링 및 계도
1064,의창구,팔용동 22-13,0.0,0.0,0.0,낮음,16시,일반 모니터링 및 계도
1065,의창구,팔용동 24-20,0.0,0.0,0.0,낮음,10시,일반 모니터링 및 계도
1066,의창구,팔용동 24-23,0.0,0.0,0.0,낮음,12시,일반 모니터링 및 계도
1067,의창구,팔용동 32-1,0.0,0.0,0.0,낮음,11시,일반 모니터링 및 계도
1068,의창구,팔용동 41-27,0.0,0.0,0.0,낮음,9시,일반 모니터링 및 계도
1069,의창구,팔용동 503-2,0.0,0.0,0.0,낮음,7시,일반 모니터링 및 계도
1070,의창구,팔용동 514-4,0.0,0.0,0.0,낮음,8시,일반 모니터링 및 계도
1071,의창구,팔용동 522-3,0.0,0.0,0.0,낮음,10시,일반 모니터링 및 계도
1072,의창구,팔용동 523-2,0.0,0.0,0.0,낮음,18시,일반 모니터링 및 계도
1073,의창구,팔용동 524,0.0,0.0,0.0,낮음,11시,일반 모니터링 및 계도
1074,의창구,팔용동 526-3,0.0,0.0,0.0,낮음,8시,일반 모니터링 및 계도
1075,의창구,팔용동 59-3,0.0,0.0,0.0,낮음,12시,일반 모니터링 및 계도
1076,의창구,팔용동 64-2,0.0,0.0,0.0,낮음,10시,일반 모니터링 및 계도
1077,의창구,팔용동 77-8,0.0,0.0,0.0,낮음,17시,일반 모니터링 및 계도
1078,의창구,팔용동 99-8,0.0,0.0,0.0,낮음,5시,일반 모니터링 및 계도
1079,의창구,팔용동 건일상사주변,0.0,0.0,0.0,낮음,13시,일반 모니터링 및 계도
1080,의창구,팔용동 굿모닝내과 주변,0.0,0.0,0.0,낮음,16시,일반 모니터링 및 계도
1081,의창구,팔용동 극동상가 주변,0.0,0.0,0.0,낮음,14시,일반 모니터링 및 계도
1082,의창구,팔용동 대봉로26번길,0.0,0.0,0.0,낮음,7시,일반 모니터링 및 계도
1083,의창구,팔용동 동영빌딩 주변,0.0,0.0,0.0,낮음,10시,일반 모니터링 및 계도
1084,의창구,팔용동 드림타운주변,0.0,0.0,0.0,낮음,14시,일반 모니터링 및 계도
1085,의창구,팔용동 몽고간장 입구 주변,0.0,0.0,0.0,낮음,9시,일반 모니터링 및 계도
1086,의창구,팔용동 무역로503번길,0.0,0.0,0.0,낮음,13시,일반 모니터링 및 계도
1087,의창구,팔용동 숲속나라어르신집 주변,0.0,0.0,0.0,낮음,10시,일반 모니터링 및 계도
1088,의창구,팔용동 코리아펀치 주변,0.0,0.0,0.0,낮음,10시,일반 모니터링 및 계도
1089,의창구,팔용동 한중엔지니어링 주변,0.0,0.0,0.0,낮음,15시,일반 모니터링 및 계도
